sensor_id,city,zone_type,pm25,pm10,co2_ppm,temperature_c,humidity_pct,wind_speed_kmh,aqi_value,severity,recorded_at
PKS_KHI_IND_01,Karachi,industrial,273.85,307.63,922.43,37.71,76.13,35.58,319.59,HAZARDOUS,2026-07-11T20:51:27.059372
PKS_KHI_TRF_02,Karachi,traffic,152.85,158.72,731.56,44.38,73.64,36.16,203.32,VERY UNHEALTHY,2026-07-11T20:51:27.059372
PKS_LHR_RES_01,Lahore,residential,31.72,32.18,401.71,37.03,70.57,40.38,92.27,MODERATE,2026-07-11T20:51:27.059372
PKS_LHR_IND_02,Lahore,industrial,85.28,93.53,842.09,30.62,28.16,43.75,166.38,UNHEALTHY,2026-07-11T20:51:27.059372
PKS_ISB_PRK_01,Islamabad,park,8.08,8.61,405.81,24.67,24.88,15.23,33.66,GOOD,2026-07-11T20:51:27.059372
PKS_ISB_TRF_02,Islamabad,traffic,45.06,46.41,671.49,38.6,77.56,7.37,124.54,UNHEALTHY FOR SENSITIVE,2026-07-11T20:51:27.059372
PKS_PEW_IND_01,Peshawar,industrial,83.23,86.85,725.16,39.46,65.82,31.47,165.32,UNHEALTHY,2026-07-11T20:51:27.059372
PKS_PEW_RES_02,Peshawar,residential,26.69,27.46,499.23,23.44,42.43,5.86,81.69,MODERATE,2026-07-11T20:51:27.059372
PKS_MUL_TRF_01,Multan,traffic,58.02,59.72,556.76,36.98,35.12,51.29,152.3,UNHEALTHY,2026-07-11T20:51:27.059372
PKS_MUL_PRK_02,Multan,park,7.02,7.93,462.04,28.8,55.99,40.72,29.24,GOOD,2026-07-11T20:51:27.059372
PKS_KHI_IND_01,Karachi,industrial,284.42,313.5,723.68,35.1,82.59,51.07,328.01,HAZARDOUS,2026-07-11T20:51:37.086565
PKS_KHI_TRF_02,Karachi,traffic,52.74,55.12,646.02,36.48,87.45,37.28,143.45,UNHEALTHY FOR SENSITIVE,2026-07-11T20:51:37.086565
PKS_LHR_RES_01,Lahore,residential,29.65,34.36,462.72,28.67,65.51,54.16,87.9,MODERATE,2026-07-11T20:51:37.086565
PKS_LHR_IND_02,Lahore,industrial,50.0,54.53,746.75,29.96,42.15,25.21,136.7,UNHEALTHY FOR SENSITIVE,2026-07-11T20:51:37.086565
PKS_ISB_PRK_01,Islamabad,park,7.36,8.35,361.98,20.07,52.76,35.17,30.65,GOOD,2026-07-11T20:51:37.086565
PKS_ISB_TRF_02,Islamabad,traffic,53.78,62.13,640.5,33.5,89.92,49.03,146.01,UNHEALTHY FOR SENSITIVE,2026-07-11T20:51:37.086565
PKS_PEW_IND_01,Peshawar,industrial,75.99,82.69,813.5,33.4,56.98,16.0,161.58,UNHEALTHY,2026-07-11T20:51:37.086565
PKS_PEW_RES_02,Peshawar,residential,28.4,31.93,472.36,24.04,53.58,35.59,85.27,MODERATE,2026-07-11T20:51:37.086565
PKS_MUL_TRF_01,Multan,traffic,56.6,60.04,471.89,32.81,34.81,14.48,151.57,UNHEALTHY,2026-07-11T20:51:37.086565
PKS_MUL_PRK_02,Multan,park,5.28,5.5,375.96,32.68,19.9,29.07,21.99,GOOD,2026-07-11T20:51:37.086565
PKS_KHI_IND_01,Karachi,industrial,74.2,84.56,669.86,34.08,81.65,0.6,160.65,UNHEALTHY,2026-07-11T20:51:47.100877
PKS_KHI_TRF_02,Karachi,traffic,56.04,62.76,464.68,34.33,42.67,7.49,151.28,UNHEALTHY,2026-07-11T20:51:47.100877
PKS_LHR_RES_01,Lahore,residential,23.39,27.55,518.18,28.68,79.51,27.66,74.74,MODERATE,2026-07-11T20:51:47.100877
PKS_LHR_IND_02,Lahore,industrial,51.7,54.9,722.31,38.94,87.77,19.82,140.89,UNHEALTHY FOR SENSITIVE,2026-07-11T20:51:47.100877
PKS_ISB_PRK_01,Islamabad,park,8.32,9.28,360.57,27.38,62.23,41.06,34.68,GOOD,2026-07-11T20:51:47.100877
PKS_ISB_TRF_02,Islamabad,traffic,43.54,43.88,483.9,35.31,29.85,15.35,120.79,UNHEALTHY FOR SENSITIVE,2026-07-11T20:51:47.100877
PKS_PEW_IND_01,Peshawar,industrial,61.29,61.56,778.77,46.1,25.78,44.41,153.99,UNHEALTHY,2026-07-11T20:51:47.100877
PKS_PEW_RES_02,Peshawar,residential,39.19,41.35,416.33,30.33,12.49,51.72,110.09,UNHEALTHY FOR SENSITIVE,2026-07-11T20:51:47.100877
PKS_MUL_TRF_01,Multan,traffic,60.59,70.24,543.3,26.45,42.32,47.1,153.63,UNHEALTHY,2026-07-11T20:51:47.100877
PKS_MUL_PRK_02,Multan,park,14.14,14.9,372.12,24.67,87.31,37.76,55.28,MODERATE,2026-07-11T20:51:47.100877
PKS_KHI_IND_01,Karachi,industrial,72.85,79.21,724.21,35.59,74.36,32.24,159.96,UNHEALTHY,2026-07-11T20:51:57.113020
PKS_KHI_TRF_02,Karachi,traffic,46.95,54.33,527.63,37.44,88.43,16.35,129.2,UNHEALTHY FOR SENSITIVE,2026-07-11T20:51:57.113020
PKS_LHR_RES_01,Lahore,residential,17.37,17.58,426.76,30.11,78.63,47.89,62.08,MODERATE,2026-07-11T20:51:57.113020
PKS_LHR_IND_02,Lahore,industrial,71.52,81.85,889.85,43.22,50.9,48.74,159.27,UNHEALTHY,2026-07-11T20:51:57.113020
PKS_ISB_PRK_01,Islamabad,park,9.79,11.59,431.28,26.09,40.99,48.7,40.8,GOOD,2026-07-11T20:51:57.113020
PKS_ISB_TRF_02,Islamabad,traffic,46.26,51.1,628.75,27.58,17.37,14.78,127.5,UNHEALTHY FOR SENSITIVE,2026-07-11T20:51:57.113020
PKS_PEW_IND_01,Peshawar,industrial,65.01,75.98,897.35,27.21,66.1,29.76,155.91,UNHEALTHY,2026-07-11T20:51:57.113020
PKS_PEW_RES_02,Peshawar,residential,31.88,36.29,410.07,41.52,60.58,22.51,92.61,MODERATE,2026-07-11T20:51:57.113020
PKS_MUL_TRF_01,Multan,traffic,45.21,51.98,649.66,32.58,86.57,21.29,124.91,UNHEALTHY FOR SENSITIVE,2026-07-11T20:51:57.113020
PKS_MUL_PRK_02,Multan,park,8.35,8.84,380.28,25.61,22.58,45.13,34.8,GOOD,2026-07-11T20:51:57.113020
PKS_KHI_IND_01,Karachi,industrial,66.99,71.09,708.24,36.31,23.44,55.05,156.93,UNHEALTHY,2026-07-11T20:52:07.123021
PKS_KHI_TRF_02,Karachi,traffic,54.69,65.2,474.53,34.53,68.62,8.5,148.24,UNHEALTHY FOR SENSITIVE,2026-07-11T20:52:07.123021
PKS_LHR_RES_01,Lahore,residential,27.75,32.44,400.14,29.38,24.34,16.46,83.91,MODERATE,2026-07-11T20:52:07.123021
PKS_LHR_IND_02,Lahore,industrial,62.47,64.28,772.65,44.85,21.1,22.35,154.6,UNHEALTHY,2026-07-11T20:52:07.123021
PKS_ISB_PRK_01,Islamabad,park,13.94,15.08,429.53,29.14,30.01,1.68,54.87,MODERATE,2026-07-11T20:52:07.123021
PKS_ISB_TRF_02,Islamabad,traffic,49.1,49.15,661.82,36.9,24.81,36.03,134.5,UNHEALTHY FOR SENSITIVE,2026-07-11T20:52:07.123021
PKS_PEW_IND_01,Peshawar,industrial,88.92,103.09,794.57,42.54,66.55,8.68,168.26,UNHEALTHY,2026-07-11T20:52:07.123021
PKS_PEW_RES_02,Peshawar,residential,34.78,36.3,468.21,26.37,67.96,40.14,98.7,MODERATE,2026-07-11T20:52:07.123021
PKS_MUL_TRF_01,Multan,traffic,43.39,47.8,483.63,39.4,82.01,25.71,120.43,UNHEALTHY FOR SENSITIVE,2026-07-11T20:52:07.123021
PKS_MUL_PRK_02,Multan,park,12.51,12.96,425.22,30.1,33.5,30.53,51.87,MODERATE,2026-07-11T20:52:07.123021
PKS_KHI_IND_01,Karachi,industrial,80.5,85.47,784.31,32.96,29.91,29.78,163.91,UNHEALTHY,2026-07-11T20:52:17.127019
PKS_KHI_TRF_02,Karachi,traffic,52.98,55.34,626.14,41.25,86.39,3.25,144.04,UNHEALTHY FOR SENSITIVE,2026-07-11T20:52:17.127019
PKS_LHR_RES_01,Lahore,residential,31.18,33.75,390.33,34.09,43.26,54.57,91.13,MODERATE,2026-07-11T20:52:17.127019
PKS_LHR_IND_02,Lahore,industrial,86.85,88.4,720.17,40.68,53.31,48.76,167.19,UNHEALTHY,2026-07-11T20:52:17.127019
PKS_ISB_PRK_01,Islamabad,park,14.0,16.51,396.49,25.36,70.34,14.43,55.0,MODERATE,2026-07-11T20:52:17.127019
PKS_ISB_TRF_02,Islamabad,traffic,47.98,57.29,658.95,34.13,62.53,8.43,131.73,UNHEALTHY FOR SENSITIVE,2026-07-11T20:52:17.127019
PKS_PEW_IND_01,Peshawar,industrial,72.66,80.5,700.94,36.59,35.4,10.18,159.86,UNHEALTHY,2026-07-11T20:52:17.127019
PKS_PEW_RES_02,Peshawar,residential,33.09,35.17,493.5,26.05,80.72,44.02,95.14,MODERATE,2026-07-11T20:52:17.127019
PKS_MUL_TRF_01,Multan,traffic,56.72,68.04,698.02,30.55,20.99,59.68,151.63,UNHEALTHY,2026-07-11T20:52:17.127019
PKS_MUL_PRK_02,Multan,park,30.47,35.24,428.8,24.25,26.03,24.4,89.64,MODERATE,2026-07-11T20:52:17.127019
PKS_KHI_IND_01,Karachi,industrial,61.76,68.32,931.05,41.06,55.7,12.23,154.23,UNHEALTHY,2026-07-11T20:52:27.144224
PKS_KHI_TRF_02,Karachi,traffic,156.58,161.79,711.1,38.2,45.51,1.08,207.03,VERY UNHEALTHY,2026-07-11T20:52:27.144224
PKS_LHR_RES_01,Lahore,residential,32.87,38.39,481.54,35.01,21.51,39.2,94.68,MODERATE,2026-07-11T20:52:27.144224
PKS_LHR_IND_02,Lahore,industrial,88.15,92.72,634.22,34.04,15.82,24.97,167.86,UNHEALTHY,2026-07-11T20:52:27.144224
PKS_ISB_PRK_01,Islamabad,park,8.79,10.27,388.56,23.25,83.62,12.38,36.62,GOOD,2026-07-11T20:52:27.144224
PKS_ISB_TRF_02,Islamabad,traffic,163.91,183.31,617.89,36.03,12.67,18.11,214.29,VERY UNHEALTHY,2026-07-11T20:52:27.144224
PKS_PEW_IND_01,Peshawar,industrial,55.34,64.84,542.62,31.1,17.81,57.96,149.85,UNHEALTHY FOR SENSITIVE,2026-07-11T20:52:27.144224
PKS_PEW_RES_02,Peshawar,residential,22.17,23.35,424.41,23.42,44.2,39.88,72.18,MODERATE,2026-07-11T20:52:27.144224
PKS_MUL_TRF_01,Multan,traffic,50.13,58.04,589.02,30.05,68.94,23.91,137.03,UNHEALTHY FOR SENSITIVE,2026-07-11T20:52:27.144224
PKS_MUL_PRK_02,Multan,park,10.92,12.13,345.74,36.52,88.79,7.43,45.49,GOOD,2026-07-11T20:52:27.144224
PKS_KHI_IND_01,Karachi,industrial,61.9,74.01,669.58,32.31,77.27,17.41,154.3,UNHEALTHY,2026-07-11T20:52:37.149366
PKS_KHI_TRF_02,Karachi,traffic,58.3,63.96,483.58,31.46,34.54,24.58,152.45,UNHEALTHY,2026-07-11T20:52:37.149366
PKS_LHR_RES_01,Lahore,residential,30.31,31.97,541.31,30.7,67.53,27.71,89.3,MODERATE,2026-07-11T20:52:37.149366
PKS_LHR_IND_02,Lahore,industrial,71.09,73.55,882.71,33.93,28.88,25.97,159.05,UNHEALTHY,2026-07-11T20:52:37.149366
PKS_ISB_PRK_01,Islamabad,park,8.83,10.29,457.27,33.66,46.44,44.43,36.81,GOOD,2026-07-11T20:52:37.149366
PKS_ISB_TRF_02,Islamabad,traffic,50.49,57.51,601.98,32.92,24.58,23.6,137.91,UNHEALTHY FOR SENSITIVE,2026-07-11T20:52:37.149366
PKS_PEW_IND_01,Peshawar,industrial,247.63,263.87,834.28,30.34,84.57,38.33,297.25,VERY UNHEALTHY,2026-07-11T20:52:37.149366
PKS_PEW_RES_02,Peshawar,residential,25.71,26.97,453.23,29.54,43.6,27.88,79.63,MODERATE,2026-07-11T20:52:37.149366
PKS_MUL_TRF_01,Multan,traffic,48.28,54.63,601.29,29.97,86.75,12.04,132.47,UNHEALTHY FOR SENSITIVE,2026-07-11T20:52:37.149366
PKS_MUL_PRK_02,Multan,park,7.66,8.85,370.11,30.61,20.1,47.31,31.93,GOOD,2026-07-11T20:52:37.149366
PKS_KHI_IND_01,Karachi,industrial,71.61,81.94,693.69,31.65,48.28,47.59,159.32,UNHEALTHY,2026-07-11T20:52:47.160041
PKS_KHI_TRF_02,Karachi,traffic,45.02,46.72,616.79,34.62,49.98,54.05,124.45,UNHEALTHY FOR SENSITIVE,2026-07-11T20:52:47.160041
PKS_LHR_RES_01,Lahore,residential,26.4,29.04,407.25,31.89,74.38,9.42,81.07,MODERATE,2026-07-11T20:52:47.160041
PKS_LHR_IND_02,Lahore,industrial,80.03,92.89,713.67,39.63,82.71,42.21,163.67,UNHEALTHY,2026-07-11T20:52:47.160041
PKS_ISB_PRK_01,Islamabad,park,8.17,8.52,459.88,29.67,73.76,26.51,34.05,GOOD,2026-07-11T20:52:47.160041
PKS_ISB_TRF_02,Islamabad,traffic,210.32,247.4,579.3,40.01,55.04,1.26,260.28,VERY UNHEALTHY,2026-07-11T20:52:47.160041
PKS_PEW_IND_01,Peshawar,industrial,63.43,71.57,715.42,31.85,39.59,11.63,155.1,UNHEALTHY,2026-07-11T20:52:47.160041
PKS_PEW_RES_02,Peshawar,residential,34.56,35.03,530.48,24.14,26.72,47.57,98.24,MODERATE,2026-07-11T20:52:47.160041
PKS_MUL_TRF_01,Multan,traffic,48.94,50.67,529.13,36.83,24.25,56.9,134.09,UNHEALTHY FOR SENSITIVE,2026-07-11T20:52:47.160041
PKS_MUL_PRK_02,Multan,park,8.88,9.84,444.81,34.4,24.15,35.76,37.0,GOOD,2026-07-11T20:52:47.160041
PKS_KHI_IND_01,Karachi,industrial,59.57,69.17,665.49,41.17,25.51,46.89,153.1,UNHEALTHY,2026-07-11T20:52:57.172759
PKS_KHI_TRF_02,Karachi,traffic,122.59,138.39,625.19,28.58,34.33,28.67,185.64,UNHEALTHY,2026-07-11T20:52:57.172759
PKS_LHR_RES_01,Lahore,residential,18.73,21.86,538.21,33.3,43.03,5.17,64.93,MODERATE,2026-07-11T20:52:57.172759
PKS_LHR_IND_02,Lahore,industrial,76.25,78.6,849.99,28.3,21.3,47.02,161.72,UNHEALTHY,2026-07-11T20:52:57.172759
PKS_ISB_PRK_01,Islamabad,park,12.25,12.25,365.96,22.71,71.64,41.9,51.31,MODERATE,2026-07-11T20:52:57.172759
PKS_ISB_TRF_02,Islamabad,traffic,47.38,50.91,543.64,25.52,40.15,13.75,130.26,UNHEALTHY FOR SENSITIVE,2026-07-11T20:52:57.172759
PKS_PEW_IND_01,Peshawar,industrial,56.61,59.33,790.26,41.77,30.39,21.49,151.58,UNHEALTHY,2026-07-11T20:52:57.172759
PKS_PEW_RES_02,Peshawar,residential,79.64,94.18,460.81,28.91,42.85,7.84,163.47,UNHEALTHY,2026-07-11T20:52:57.172759
PKS_MUL_TRF_01,Multan,traffic,44.1,51.84,568.06,34.26,54.04,3.2,122.19,UNHEALTHY FOR SENSITIVE,2026-07-11T20:52:57.172759
PKS_MUL_PRK_02,Multan,park,8.66,9.28,421.47,36.04,38.91,11.48,36.08,GOOD,2026-07-11T20:52:57.172759
PKS_KHI_IND_01,Karachi,industrial,58.23,68.68,782.55,36.44,51.53,23.04,152.41,UNHEALTHY,2026-07-11T20:58:39.116497
PKS_KHI_TRF_02,Karachi,traffic,36.26,36.43,632.6,41.24,52.11,18.61,102.87,UNHEALTHY FOR SENSITIVE,2026-07-11T20:58:39.116497
PKS_LHR_RES_01,Lahore,residential,19.81,23.59,401.55,28.64,79.0,40.89,67.21,MODERATE,2026-07-11T20:58:39.116497
PKS_LHR_IND_02,Lahore,industrial,64.79,73.44,904.58,43.21,22.56,38.3,155.8,UNHEALTHY,2026-07-11T20:58:39.116497
PKS_ISB_PRK_01,Islamabad,park,9.74,11.36,346.79,23.31,78.7,33.95,40.56,GOOD,2026-07-11T20:58:39.116497
PKS_ISB_TRF_02,Islamabad,traffic,39.93,47.0,578.46,43.4,48.5,29.4,111.91,UNHEALTHY FOR SENSITIVE,2026-07-11T20:58:39.116497
PKS_PEW_IND_01,Peshawar,industrial,85.86,96.36,724.0,34.61,67.6,12.47,166.68,UNHEALTHY,2026-07-11T20:58:39.116497
PKS_PEW_RES_02,Peshawar,residential,33.09,37.11,485.0,33.19,52.42,51.17,95.13,MODERATE,2026-07-11T20:58:39.116497
PKS_MUL_TRF_01,Multan,traffic,43.7,44.49,531.57,31.46,50.93,46.3,121.2,UNHEALTHY FOR SENSITIVE,2026-07-11T20:58:39.116497
PKS_MUL_PRK_02,Multan,park,10.62,11.2,404.18,33.57,10.95,41.48,44.27,GOOD,2026-07-11T20:58:39.116497
PKS_KHI_IND_01,Karachi,industrial,61.19,64.18,792.6,36.37,32.91,52.27,153.94,UNHEALTHY,2026-07-11T20:58:49.134173
PKS_KHI_TRF_02,Karachi,traffic,50.63,57.47,477.86,29.79,89.79,49.93,138.25,UNHEALTHY FOR SENSITIVE,2026-07-11T20:58:49.134173
PKS_LHR_RES_01,Lahore,residential,138.5,141.63,522.82,29.53,87.17,58.26,193.86,UNHEALTHY,2026-07-11T20:58:49.134173
PKS_LHR_IND_02,Lahore,industrial,54.37,61.2,820.91,35.11,50.38,57.79,147.47,UNHEALTHY FOR SENSITIVE,2026-07-11T20:58:49.134173
PKS_ISB_PRK_01,Islamabad,park,8.73,10.02,371.8,25.38,66.72,36.74,36.39,GOOD,2026-07-11T20:58:49.134173
PKS_ISB_TRF_02,Islamabad,traffic,47.49,50.09,743.55,32.49,63.58,25.76,130.52,UNHEALTHY FOR SENSITIVE,2026-07-11T20:58:49.134173
PKS_PEW_IND_01,Peshawar,industrial,191.46,205.12,849.28,37.71,75.09,3.11,241.6,VERY UNHEALTHY,2026-07-11T20:58:49.134173
PKS_PEW_RES_02,Peshawar,residential,24.82,26.05,458.44,26.85,23.08,57.57,77.75,MODERATE,2026-07-11T20:58:49.134173
PKS_MUL_TRF_01,Multan,traffic,39.06,45.18,548.19,41.3,78.37,29.32,109.76,UNHEALTHY FOR SENSITIVE,2026-07-11T20:58:49.134173
PKS_MUL_PRK_02,Multan,park,8.03,8.39,367.55,19.42,40.7,10.28,33.47,GOOD,2026-07-11T20:58:49.134173
PKS_KHI_IND_01,Karachi,industrial,163.95,165.34,786.5,27.56,65.27,1.51,214.33,VERY UNHEALTHY,2026-07-11T20:58:59.139603
PKS_KHI_TRF_02,Karachi,traffic,123.18,123.62,511.47,32.19,64.88,37.64,185.95,UNHEALTHY,2026-07-11T20:58:59.139603
PKS_LHR_RES_01,Lahore,residential,24.37,24.92,459.32,29.25,31.43,57.28,76.8,MODERATE,2026-07-11T20:58:59.139603
PKS_LHR_IND_02,Lahore,industrial,204.37,219.05,900.38,45.91,68.34,13.57,254.38,VERY UNHEALTHY,2026-07-11T20:58:59.139603
PKS_ISB_PRK_01,Islamabad,park,11.2,12.79,412.87,37.87,11.69,13.19,46.66,GOOD,2026-07-11T20:58:59.139603
PKS_ISB_TRF_02,Islamabad,traffic,54.98,56.49,642.83,36.62,11.48,12.13,148.96,UNHEALTHY FOR SENSITIVE,2026-07-11T20:58:59.139603
PKS_PEW_IND_01,Peshawar,industrial,53.57,60.21,767.54,29.66,76.18,24.85,145.49,UNHEALTHY FOR SENSITIVE,2026-07-11T20:58:59.139603
PKS_PEW_RES_02,Peshawar,residential,24.8,26.68,403.93,31.42,13.64,32.62,77.71,MODERATE,2026-07-11T20:58:59.139603
PKS_MUL_TRF_01,Multan,traffic,50.0,59.13,545.51,38.18,81.99,14.86,136.71,UNHEALTHY FOR SENSITIVE,2026-07-11T20:58:59.139603
PKS_MUL_PRK_02,Multan,park,14.15,15.74,378.62,33.74,75.41,1.61,55.3,MODERATE,2026-07-11T20:58:59.139603
PKS_KHI_IND_01,Karachi,industrial,214.97,251.9,709.03,45.74,25.74,8.46,264.89,VERY UNHEALTHY,2026-07-11T20:59:09.141327
PKS_KHI_TRF_02,Karachi,traffic,59.46,63.72,666.43,31.46,89.44,55.87,153.04,UNHEALTHY,2026-07-11T20:59:09.141327
PKS_LHR_RES_01,Lahore,residential,30.91,31.55,556.94,29.18,46.47,43.59,90.56,MODERATE,2026-07-11T20:59:09.141327
PKS_LHR_IND_02,Lahore,industrial,247.64,283.94,913.18,41.49,65.45,8.63,297.26,VERY UNHEALTHY,2026-07-11T20:59:09.141327
PKS_ISB_PRK_01,Islamabad,park,38.51,45.37,410.44,26.15,25.87,22.83,108.42,UNHEALTHY FOR SENSITIVE,2026-07-11T20:59:09.141327
PKS_ISB_TRF_02,Islamabad,traffic,37.23,38.15,583.28,39.89,89.51,7.15,105.26,UNHEALTHY FOR SENSITIVE,2026-07-11T20:59:09.141327
PKS_PEW_IND_01,Peshawar,industrial,75.4,88.94,665.03,28.15,37.3,6.11,161.28,UNHEALTHY,2026-07-11T20:59:09.141327
PKS_PEW_RES_02,Peshawar,residential,26.39,27.57,458.24,34.42,87.93,26.64,81.06,MODERATE,2026-07-11T20:59:09.141327
PKS_MUL_TRF_01,Multan,traffic,57.74,64.41,555.16,32.96,33.52,28.41,152.16,UNHEALTHY,2026-07-11T20:59:09.141327
PKS_MUL_PRK_02,Multan,park,12.94,15.49,356.3,30.72,64.86,24.76,52.77,MODERATE,2026-07-11T20:59:09.141327
PKS_KHI_IND_01,Karachi,industrial,53.41,60.32,652.68,40.49,54.21,7.81,145.09,UNHEALTHY FOR SENSITIVE,2026-07-11T20:59:19.151216
PKS_KHI_TRF_02,Karachi,traffic,47.78,51.13,632.39,37.94,44.91,12.48,131.23,UNHEALTHY FOR SENSITIVE,2026-07-11T20:59:19.151216
PKS_LHR_RES_01,Lahore,residential,20.62,23.19,462.46,27.88,32.38,19.88,68.92,MODERATE,2026-07-11T20:59:19.151216
PKS_LHR_IND_02,Lahore,industrial,62.28,62.64,626.17,42.45,44.68,33.43,154.5,UNHEALTHY,2026-07-11T20:59:19.151216
PKS_ISB_PRK_01,Islamabad,park,8.06,9.34,416.12,30.79,70.56,10.66,33.6,GOOD,2026-07-11T20:59:19.151216
PKS_ISB_TRF_02,Islamabad,traffic,40.44,47.38,696.63,41.58,21.2,52.05,113.18,UNHEALTHY FOR SENSITIVE,2026-07-11T20:59:19.151216
PKS_PEW_IND_01,Peshawar,industrial,85.81,91.49,906.18,40.18,21.52,20.36,166.65,UNHEALTHY,2026-07-11T20:59:19.151216
PKS_PEW_RES_02,Peshawar,residential,18.27,20.08,455.57,29.03,88.34,24.82,63.97,MODERATE,2026-07-11T20:59:19.151216
PKS_MUL_TRF_01,Multan,traffic,40.62,42.87,568.26,34.88,89.05,52.89,113.6,UNHEALTHY FOR SENSITIVE,2026-07-11T20:59:19.151216
PKS_MUL_PRK_02,Multan,park,15.11,15.46,370.26,33.43,22.24,33.13,57.32,MODERATE,2026-07-11T20:59:19.151216
PKS_KHI_IND_01,Karachi,industrial,74.17,86.05,772.71,35.04,74.56,22.51,160.64,UNHEALTHY,2026-07-11T20:59:29.154147
PKS_KHI_TRF_02,Karachi,traffic,54.9,61.39,567.01,35.51,13.13,31.64,148.76,UNHEALTHY FOR SENSITIVE,2026-07-11T20:59:29.154147
PKS_LHR_RES_01,Lahore,residential,32.36,32.88,473.12,29.64,31.62,40.69,93.61,MODERATE,2026-07-11T20:59:29.154147
PKS_LHR_IND_02,Lahore,industrial,88.45,90.94,592.57,42.84,37.26,37.35,168.01,UNHEALTHY,2026-07-11T20:59:29.154147
PKS_ISB_PRK_01,Islamabad,park,12.1,13.66,358.86,29.48,74.09,13.86,,,2026-07-11T20:59:29.154147
PKS_ISB_TRF_02,Islamabad,traffic,59.92,69.79,589.74,35.66,55.74,51.76,153.28,UNHEALTHY,2026-07-11T20:59:29.154147
PKS_PEW_IND_01,Peshawar,industrial,68.43,70.64,546.07,42.14,67.93,20.42,157.68,UNHEALTHY,2026-07-11T20:59:29.154147
PKS_PEW_RES_02,Peshawar,residential,29.05,32.14,444.74,31.07,47.76,9.4,86.65,MODERATE,2026-07-11T20:59:29.154147
PKS_MUL_TRF_01,Multan,traffic,172.46,187.18,491.52,41.04,88.1,1.0,222.76,VERY UNHEALTHY,2026-07-11T20:59:29.154147
PKS_MUL_PRK_02,Multan,park,11.26,11.55,372.81,21.87,88.57,32.61,46.9,GOOD,2026-07-11T20:59:29.154147
PKS_KHI_IND_01,Karachi,industrial,84.36,95.53,652.81,28.35,42.55,2.54,165.9,UNHEALTHY,2026-07-11T21:02:04.505703
PKS_KHI_TRF_02,Karachi,traffic,58.7,62.42,575.83,26.69,26.48,22.45,152.65,UNHEALTHY,2026-07-11T21:02:04.505703
PKS_LHR_RES_01,Lahore,residential,34.88,35.46,438.9,33.62,11.47,6.63,98.9,MODERATE,2026-07-11T21:02:04.505703
PKS_LHR_IND_02,Lahore,industrial,76.6,81.49,694.76,29.31,81.48,23.69,161.89,UNHEALTHY,2026-07-11T21:02:04.505703
PKS_ISB_PRK_01,Islamabad,park,11.45,11.6,428.98,25.12,14.66,33.86,47.71,GOOD,2026-07-11T21:02:04.505703
PKS_ISB_TRF_02,Islamabad,traffic,49.13,58.43,516.06,29.11,23.29,9.6,134.55,UNHEALTHY FOR SENSITIVE,2026-07-11T21:02:04.505703
PKS_PEW_IND_01,Peshawar,industrial,64.37,64.5,724.92,31.66,68.84,8.69,155.58,UNHEALTHY,2026-07-11T21:02:04.505703
PKS_PEW_RES_02,Peshawar,residential,30.13,31.02,391.93,32.35,54.13,47.73,88.92,MODERATE,2026-07-11T21:02:04.505703
PKS_MUL_TRF_01,Multan,traffic,117.75,136.63,610.38,33.21,67.07,10.99,183.14,UNHEALTHY,2026-07-11T21:02:04.505703
PKS_MUL_PRK_02,Multan,park,27.07,28.68,405.65,36.66,42.03,27.26,82.48,MODERATE,2026-07-11T21:02:04.505703
PKS_KHI_IND_01,Karachi,industrial,84.64,88.79,515.01,28.12,36.61,56.17,166.04,UNHEALTHY,2026-07-11T21:02:14.523156
PKS_KHI_TRF_02,Karachi,traffic,55.99,58.06,530.94,34.26,41.15,27.45,151.25,UNHEALTHY,2026-07-11T21:02:14.523156
PKS_LHR_RES_01,Lahore,residential,34.47,36.08,492.8,35.16,62.69,56.78,98.04,MODERATE,2026-07-11T21:02:14.523156
PKS_LHR_IND_02,Lahore,industrial,68.9,75.82,570.96,36.55,76.21,11.47,157.92,UNHEALTHY,2026-07-11T21:02:14.523156
PKS_ISB_PRK_01,Islamabad,park,29.01,30.2,404.3,33.31,17.37,40.7,86.56,MODERATE,2026-07-11T21:02:14.523156
PKS_ISB_TRF_02,Islamabad,traffic,47.69,48.0,756.27,41.92,29.53,30.21,131.01,UNHEALTHY FOR SENSITIVE,2026-07-11T21:02:14.523156
PKS_PEW_IND_01,Peshawar,industrial,252.86,275.37,721.36,27.68,29.47,42.71,302.88,HAZARDOUS,2026-07-11T21:02:14.523156
PKS_PEW_RES_02,Peshawar,residential,33.54,37.94,435.48,29.09,18.38,16.03,96.08,MODERATE,2026-07-11T21:02:14.523156
PKS_MUL_TRF_01,Multan,traffic,47.43,52.27,657.68,32.13,50.63,8.72,130.38,UNHEALTHY FOR SENSITIVE,2026-07-11T21:02:14.523156
PKS_MUL_PRK_02,Multan,park,50.34,55.72,408.54,29.27,87.36,33.07,137.55,UNHEALTHY FOR SENSITIVE,2026-07-11T21:02:14.523156
PKS_KHI_IND_01,Karachi,industrial,227.87,231.82,862.58,27.37,57.99,6.68,277.67,VERY UNHEALTHY,2026-07-11T21:02:24.537530
PKS_KHI_TRF_02,Karachi,traffic,175.28,197.97,525.52,38.68,32.65,32.88,225.55,VERY UNHEALTHY,2026-07-11T21:02:24.537530
PKS_LHR_RES_01,Lahore,residential,33.06,35.27,463.26,31.04,41.73,14.4,95.09,MODERATE,2026-07-11T21:02:24.537530
PKS_LHR_IND_02,Lahore,industrial,89.16,102.17,640.82,38.03,22.71,51.79,168.38,UNHEALTHY,2026-07-11T21:02:24.537530
PKS_ISB_PRK_01,Islamabad,park,8.62,10.0,439.07,33.48,54.0,2.25,35.93,GOOD,2026-07-11T21:02:24.537530
PKS_ISB_TRF_02,Islamabad,traffic,35.01,37.76,571.13,45.04,71.48,42.48,99.18,MODERATE,2026-07-11T21:02:24.537530
PKS_PEW_IND_01,Peshawar,industrial,180.45,198.24,907.94,33.18,24.81,8.69,230.68,VERY UNHEALTHY,2026-07-11T21:02:24.537530
PKS_PEW_RES_02,Peshawar,residential,33.79,36.59,484.17,43.36,19.67,32.18,96.61,MODERATE,2026-07-11T21:02:24.537530
PKS_MUL_TRF_01,Multan,traffic,44.82,45.15,661.16,37.26,44.0,29.79,123.96,UNHEALTHY FOR SENSITIVE,2026-07-11T21:02:24.537530
PKS_MUL_PRK_02,Multan,park,9.8,11.23,425.1,27.56,63.72,27.17,40.82,GOOD,2026-07-11T21:02:24.537530
PKS_KHI_IND_01,Karachi,industrial,55.24,59.84,625.85,31.03,49.34,21.86,149.62,UNHEALTHY FOR SENSITIVE,2026-07-11T21:02:34.540632
PKS_KHI_TRF_02,Karachi,traffic,59.27,63.75,588.2,37.43,68.22,24.36,152.95,UNHEALTHY,2026-07-11T21:02:34.540632
PKS_LHR_RES_01,Lahore,residential,36.48,37.94,504.46,27.1,21.1,23.52,103.4,UNHEALTHY FOR SENSITIVE,2026-07-11T21:02:34.540632
PKS_LHR_IND_02,Lahore,industrial,236.23,243.76,665.34,39.97,82.96,9.38,285.96,VERY UNHEALTHY,2026-07-11T21:02:34.540632
PKS_ISB_PRK_01,Islamabad,park,15.52,17.89,433.92,37.33,31.27,40.44,58.2,MODERATE,2026-07-11T21:02:34.540632
PKS_ISB_TRF_02,Islamabad,traffic,152.16,165.03,682.56,27.93,49.79,4.49,202.65,VERY UNHEALTHY,2026-07-11T21:02:34.540632
PKS_PEW_IND_01,Peshawar,industrial,64.51,71.49,802.66,30.56,71.98,57.96,155.65,UNHEALTHY,2026-07-11T21:02:34.540632
PKS_PEW_RES_02,Peshawar,residential,21.97,22.53,383.99,31.36,40.73,58.51,71.76,MODERATE,2026-07-11T21:02:34.540632
PKS_MUL_TRF_01,Multan,traffic,55.05,61.73,564.28,30.61,29.41,27.06,149.14,UNHEALTHY FOR SENSITIVE,2026-07-11T21:02:34.540632
PKS_MUL_PRK_02,Multan,park,13.97,15.81,434.94,23.79,50.54,48.0,54.93,MODERATE,2026-07-11T21:02:34.540632
PKS_KHI_IND_01,Karachi,industrial,93.09,99.06,706.45,38.0,11.46,23.91,170.41,UNHEALTHY,2026-07-11T21:02:44.543578
PKS_KHI_TRF_02,Karachi,traffic,51.6,59.07,640.51,35.24,55.25,56.67,140.64,UNHEALTHY FOR SENSITIVE,2026-07-11T21:02:44.543578
PKS_LHR_RES_01,Lahore,residential,28.53,32.72,485.27,28.2,69.33,7.9,85.55,MODERATE,2026-07-11T21:02:44.543578
PKS_LHR_IND_02,Lahore,industrial,68.56,81.99,733.18,36.02,79.31,33.27,157.74,UNHEALTHY,2026-07-11T21:02:44.543578
PKS_ISB_PRK_01,Islamabad,park,7.06,7.89,418.1,35.37,67.18,30.14,29.41,GOOD,2026-07-11T21:02:44.543578
PKS_ISB_TRF_02,Islamabad,traffic,36.09,39.65,452.45,29.43,80.45,55.08,102.46,UNHEALTHY FOR SENSITIVE,2026-07-11T21:02:44.543578
PKS_PEW_IND_01,Peshawar,industrial,89.2,105.58,560.51,34.12,50.14,16.79,168.4,UNHEALTHY,2026-07-11T21:02:44.543578
PKS_PEW_RES_02,Peshawar,residential,18.33,19.9,406.76,38.62,87.69,44.58,64.1,MODERATE,2026-07-11T21:02:44.543578
PKS_MUL_TRF_01,Multan,traffic,40.75,45.09,513.01,29.42,18.11,58.32,113.92,UNHEALTHY FOR SENSITIVE,2026-07-11T21:02:44.543578
PKS_MUL_PRK_02,Multan,park,10.23,10.4,431.64,29.49,36.18,8.94,42.62,GOOD,2026-07-11T21:02:44.543578
PKS_KHI_IND_01,Karachi,industrial,57.44,58.93,791.07,32.75,46.64,44.2,152.0,UNHEALTHY,2026-07-11T21:02:54.547008
PKS_KHI_TRF_02,Karachi,traffic,39.78,45.61,632.44,39.87,10.24,11.72,111.54,UNHEALTHY FOR SENSITIVE,2026-07-11T21:02:54.547008
PKS_LHR_RES_01,Lahore,residential,22.66,22.94,481.49,40.34,52.41,32.67,73.21,MODERATE,2026-07-11T21:02:54.547008
PKS_LHR_IND_02,Lahore,industrial,65.54,69.08,902.57,37.4,48.62,35.37,156.18,UNHEALTHY,2026-07-11T21:02:54.547008
PKS_ISB_PRK_01,Islamabad,park,8.09,8.49,421.74,30.62,25.36,59.27,33.7,GOOD,2026-07-11T21:02:54.547008
PKS_ISB_TRF_02,Islamabad,traffic,42.87,48.61,657.56,26.74,75.5,0.23,119.14,UNHEALTHY FOR SENSITIVE,2026-07-11T21:02:54.547008
PKS_PEW_IND_01,Peshawar,industrial,92.22,97.9,606.43,43.34,31.94,55.47,169.96,UNHEALTHY,2026-07-11T21:02:54.547008
PKS_PEW_RES_02,Peshawar,residential,20.51,22.33,457.83,35.54,41.34,16.2,68.69,MODERATE,2026-07-11T21:02:54.547008
PKS_MUL_TRF_01,Multan,traffic,39.21,47.01,712.13,37.42,41.34,18.94,110.15,UNHEALTHY FOR SENSITIVE,2026-07-11T21:02:54.547008
PKS_MUL_PRK_02,Multan,park,6.9,7.6,399.82,25.84,89.17,50.41,28.77,GOOD,2026-07-11T21:02:54.547008
PKS_KHI_IND_01,Karachi,industrial,70.96,77.45,703.71,41.32,72.16,2.76,158.98,UNHEALTHY,2026-07-11T21:03:04.560089
PKS_KHI_TRF_02,Karachi,traffic,40.36,40.64,522.94,40.42,28.58,38.14,112.96,UNHEALTHY FOR SENSITIVE,2026-07-11T21:03:04.560089
PKS_LHR_RES_01,Lahore,residential,25.12,26.55,390.95,22.61,29.49,5.12,78.38,MODERATE,2026-07-11T21:03:04.560089
PKS_LHR_IND_02,Lahore,industrial,72.87,77.53,882.03,40.07,89.04,54.69,159.97,UNHEALTHY,2026-07-11T21:03:04.560089
PKS_ISB_PRK_01,Islamabad,park,9.38,9.79,474.98,31.67,51.21,47.55,39.07,GOOD,2026-07-11T21:03:04.560089
PKS_ISB_TRF_02,Islamabad,traffic,46.96,54.62,489.46,36.19,63.63,25.63,129.21,UNHEALTHY FOR SENSITIVE,2026-07-11T21:03:04.560089
PKS_PEW_IND_01,Peshawar,industrial,75.57,81.25,762.92,36.18,66.19,24.76,161.36,UNHEALTHY,2026-07-11T21:03:04.560089
PKS_PEW_RES_02,Peshawar,residential,25.02,28.43,406.15,35.8,63.01,12.31,78.18,MODERATE,2026-07-11T21:03:04.560089
PKS_MUL_TRF_01,Multan,traffic,35.11,36.28,633.5,33.61,13.89,28.0,99.39,MODERATE,2026-07-11T21:03:04.560089
PKS_MUL_PRK_02,Multan,park,7.31,8.11,452.5,23.71,55.17,58.88,30.45,GOOD,2026-07-11T21:03:04.560089
PKS_KHI_IND_01,Karachi,industrial,62.42,63.32,618.22,31.89,60.17,38.84,154.57,UNHEALTHY,2026-07-11T21:03:14.572676
PKS_KHI_TRF_02,Karachi,traffic,48.26,50.51,478.66,28.97,17.0,44.1,132.42,UNHEALTHY FOR SENSITIVE,2026-07-11T21:03:14.572676
PKS_LHR_RES_01,Lahore,residential,18.01,19.68,417.48,31.43,27.52,8.06,63.43,MODERATE,2026-07-11T21:03:14.572676
PKS_LHR_IND_02,Lahore,industrial,64.94,68.93,936.96,32.48,71.45,18.58,155.87,UNHEALTHY,2026-07-11T21:03:14.572676
PKS_ISB_PRK_01,Islamabad,park,13.18,14.8,354.41,31.71,25.45,30.94,53.28,MODERATE,2026-07-11T21:03:14.572676
PKS_ISB_TRF_02,Islamabad,traffic,40.53,42.63,741.31,25.78,21.66,12.22,113.38,UNHEALTHY FOR SENSITIVE,2026-07-11T21:03:14.572676
PKS_PEW_IND_01,Peshawar,industrial,66.89,73.89,866.04,34.46,48.36,15.99,156.88,UNHEALTHY,2026-07-11T21:03:14.572676
PKS_PEW_RES_02,Peshawar,residential,36.28,39.21,496.22,33.57,28.53,54.63,102.91,UNHEALTHY FOR SENSITIVE,2026-07-11T21:03:14.572676
PKS_MUL_TRF_01,Multan,traffic,50.8,52.33,495.4,37.86,43.83,49.42,138.67,UNHEALTHY FOR SENSITIVE,2026-07-11T21:03:14.572676
PKS_MUL_PRK_02,Multan,park,33.43,39.79,463.42,28.75,87.88,9.1,95.85,MODERATE,2026-07-11T21:03:14.572676
PKS_KHI_IND_01,Karachi,industrial,49.3,53.03,830.22,31.04,25.04,55.16,134.97,UNHEALTHY FOR SENSITIVE,2026-07-11T21:03:24.587741
PKS_KHI_TRF_02,Karachi,traffic,46.47,51.9,616.7,28.47,66.07,3.62,128.02,UNHEALTHY FOR SENSITIVE,2026-07-11T21:03:24.587741
PKS_LHR_RES_01,Lahore,residential,25.99,31.06,448.8,32.66,83.27,32.28,80.21,MODERATE,2026-07-11T21:03:24.587741
PKS_LHR_IND_02,Lahore,industrial,89.62,91.52,676.63,31.86,86.28,54.73,168.62,UNHEALTHY,2026-07-11T21:03:24.587741
PKS_ISB_PRK_01,Islamabad,park,34.45,40.15,414.9,25.0,85.08,45.61,98.01,MODERATE,2026-07-11T21:03:24.587741
PKS_ISB_TRF_02,Islamabad,traffic,46.22,49.69,724.05,35.38,29.35,56.91,127.41,UNHEALTHY FOR SENSITIVE,2026-07-11T21:03:24.587741
PKS_PEW_IND_01,Peshawar,industrial,55.62,63.83,1007.5,34.62,11.84,0.67,151.06,UNHEALTHY,2026-07-11T21:03:24.587741
PKS_PEW_RES_02,Peshawar,residential,28.38,28.79,439.48,41.86,48.26,0.19,85.23,MODERATE,2026-07-11T21:03:24.587741
PKS_MUL_TRF_01,Multan,traffic,63.86,68.12,791.59,30.36,16.86,36.86,155.32,UNHEALTHY,2026-07-11T21:03:24.587741
PKS_MUL_PRK_02,Multan,park,9.83,11.6,374.7,29.75,36.39,39.51,40.97,GOOD,2026-07-11T21:03:24.587741
PKS_KHI_IND_01,Karachi,industrial,69.99,74.58,680.94,43.23,52.6,43.72,158.48,UNHEALTHY,2026-07-11T21:03:34.600052
PKS_KHI_TRF_02,Karachi,traffic,51.36,57.51,708.77,25.26,14.59,51.59,140.04,UNHEALTHY FOR SENSITIVE,2026-07-11T21:03:34.600052
PKS_LHR_RES_01,Lahore,residential,22.1,25.5,455.46,32.32,42.25,39.84,72.03,MODERATE,2026-07-11T21:03:34.600052
PKS_LHR_IND_02,Lahore,industrial,91.64,98.64,804.42,39.34,56.32,2.58,169.66,UNHEALTHY,2026-07-11T21:03:34.600052
PKS_ISB_PRK_01,Islamabad,park,6.7,7.02,410.76,34.25,55.41,5.22,27.93,GOOD,2026-07-11T21:03:34.600052
PKS_ISB_TRF_02,Islamabad,traffic,41.06,41.23,504.45,35.04,35.49,54.31,114.7,UNHEALTHY FOR SENSITIVE,2026-07-11T21:03:34.600052
PKS_PEW_IND_01,Peshawar,industrial,61.09,71.21,782.1,41.08,19.86,25.45,153.89,UNHEALTHY,2026-07-11T21:03:34.600052
PKS_PEW_RES_02,Peshawar,residential,65.49,68.78,486.71,29.67,62.89,21.97,156.16,UNHEALTHY,2026-07-11T21:03:34.600052
PKS_MUL_TRF_01,Multan,traffic,53.53,63.19,606.6,34.07,37.7,23.73,145.39,UNHEALTHY FOR SENSITIVE,2026-07-11T21:03:34.600052
PKS_MUL_PRK_02,Multan,park,6.05,7.23,420.5,26.91,64.37,35.98,25.22,GOOD,2026-07-11T21:03:34.600052
PKS_KHI_IND_01,Karachi,industrial,59.9,66.6,680.29,39.18,66.0,57.38,153.27,UNHEALTHY,2026-07-11T21:03:44.616234
PKS_KHI_TRF_02,Karachi,traffic,55.54,62.89,527.35,34.04,38.43,10.68,151.02,UNHEALTHY,2026-07-11T21:03:44.616234
PKS_LHR_RES_01,Lahore,residential,18.56,18.86,443.52,36.97,22.03,44.39,64.59,MODERATE,2026-07-11T21:03:44.616234
PKS_LHR_IND_02,Lahore,industrial,165.78,170.69,720.39,33.83,46.83,39.76,216.14,VERY UNHEALTHY,2026-07-11T21:03:44.616234
PKS_ISB_PRK_01,Islamabad,park,35.36,40.45,491.23,26.93,40.54,43.06,99.91,MODERATE,2026-07-11T21:03:44.616234
PKS_ISB_TRF_02,Islamabad,traffic,35.89,41.66,646.04,32.36,55.2,37.08,101.97,UNHEALTHY FOR SENSITIVE,2026-07-11T21:03:44.616234
PKS_PEW_IND_01,Peshawar,industrial,69.09,77.34,858.04,34.8,20.32,41.72,158.02,UNHEALTHY,2026-07-11T21:03:44.616234
PKS_PEW_RES_02,Peshawar,residential,25.78,29.28,542.89,28.72,76.03,40.09,79.76,MODERATE,2026-07-11T21:03:44.616234
PKS_MUL_TRF_01,Multan,traffic,52.19,58.65,784.73,37.06,85.68,17.54,142.09,UNHEALTHY FOR SENSITIVE,2026-07-11T21:03:44.616234
PKS_MUL_PRK_02,Multan,park,8.7,9.01,434.27,31.99,71.02,56.93,36.25,GOOD,2026-07-11T21:03:44.616234
PKS_KHI_IND_01,Karachi,industrial,85.47,98.88,771.99,37.69,68.86,12.65,166.47,UNHEALTHY,2026-07-11T21:03:54.630051
PKS_KHI_TRF_02,Karachi,traffic,48.46,52.26,500.87,31.32,52.85,27.79,132.9,UNHEALTHY FOR SENSITIVE,2026-07-11T21:03:54.630051
PKS_LHR_RES_01,Lahore,residential,33.62,38.83,419.9,34.95,63.56,57.88,96.26,MODERATE,2026-07-11T21:03:54.630051
PKS_LHR_IND_02,Lahore,industrial,59.32,65.7,824.44,42.77,48.23,2.96,152.97,UNHEALTHY,2026-07-11T21:03:54.630051
PKS_ISB_PRK_01,Islamabad,park,36.9,37.0,454.47,25.77,27.92,49.69,104.45,UNHEALTHY FOR SENSITIVE,2026-07-11T21:03:54.630051
PKS_ISB_TRF_02,Islamabad,traffic,45.51,48.01,760.86,31.44,88.5,22.86,125.66,UNHEALTHY FOR SENSITIVE,2026-07-11T21:03:54.630051
PKS_PEW_IND_01,Peshawar,industrial,80.67,88.5,649.35,38.54,74.91,27.79,164.0,UNHEALTHY,2026-07-11T21:03:54.630051
PKS_PEW_RES_02,Peshawar,residential,35.42,37.03,462.51,39.93,52.9,1.15,,,2026-07-11T21:03:54.630051
PKS_MUL_TRF_01,Multan,traffic,52.03,55.35,516.98,34.35,78.44,5.17,141.7,UNHEALTHY FOR SENSITIVE,2026-07-11T21:03:54.630051
PKS_MUL_PRK_02,Multan,park,9.63,10.21,383.91,38.98,15.27,30.47,40.12,GOOD,2026-07-11T21:03:54.630051
PKS_KHI_IND_01,Karachi,industrial,58.26,65.94,738.53,36.33,80.5,19.98,152.43,UNHEALTHY,2026-07-11T21:04:04.644039
PKS_KHI_TRF_02,Karachi,traffic,47.96,53.02,589.95,33.63,27.96,1.37,131.69,UNHEALTHY FOR SENSITIVE,2026-07-11T21:04:04.644039
PKS_LHR_RES_01,Lahore,residential,20.57,22.8,516.43,40.22,10.19,27.91,68.82,MODERATE,2026-07-11T21:04:04.644039
PKS_LHR_IND_02,Lahore,industrial,60.1,71.63,691.14,35.53,71.65,37.78,153.38,UNHEALTHY,2026-07-11T21:04:04.644039
PKS_ISB_PRK_01,Islamabad,park,5.4,6.13,404.86,29.85,80.24,17.3,22.49,GOOD,2026-07-11T21:04:04.644039
PKS_ISB_TRF_02,Islamabad,traffic,47.3,53.57,633.42,32.46,30.9,36.34,130.06,UNHEALTHY FOR SENSITIVE,2026-07-11T21:04:04.644039
PKS_PEW_IND_01,Peshawar,industrial,68.02,68.17,773.25,34.22,25.01,29.49,157.46,UNHEALTHY,2026-07-11T21:04:04.644039
PKS_PEW_RES_02,Peshawar,residential,35.18,36.71,532.32,24.7,41.93,35.87,99.53,MODERATE,2026-07-11T21:04:04.644039
PKS_MUL_TRF_01,Multan,traffic,171.66,185.13,563.73,39.58,86.31,22.85,221.97,VERY UNHEALTHY,2026-07-11T21:04:04.644039
PKS_MUL_PRK_02,Multan,park,7.77,9.02,400.32,31.68,33.61,53.83,32.37,GOOD,2026-07-11T21:04:04.644039
PKS_KHI_IND_01,Karachi,industrial,56.65,64.41,652.06,45.81,41.96,44.32,151.6,UNHEALTHY,2026-07-11T21:04:14.658559
PKS_KHI_TRF_02,Karachi,traffic,43.27,43.98,550.95,35.61,38.54,22.51,120.14,UNHEALTHY FOR SENSITIVE,2026-07-11T21:04:14.658559
PKS_LHR_RES_01,Lahore,residential,27.49,32.82,494.89,22.53,43.27,14.64,83.36,MODERATE,2026-07-11T21:04:14.658559
PKS_LHR_IND_02,Lahore,industrial,62.15,74.57,607.53,42.21,15.11,43.73,154.44,UNHEALTHY,2026-07-11T21:04:14.658559
PKS_ISB_PRK_01,Islamabad,park,12.99,14.41,393.0,28.33,85.02,45.78,52.86,MODERATE,2026-07-11T21:04:14.658559
PKS_ISB_TRF_02,Islamabad,traffic,105.3,111.15,626.06,37.79,59.54,49.79,176.71,UNHEALTHY,2026-07-11T21:04:14.658559
PKS_PEW_IND_01,Peshawar,industrial,63.01,66.32,696.26,29.02,69.14,28.62,154.88,UNHEALTHY,2026-07-11T21:04:14.658559
PKS_PEW_RES_02,Peshawar,residential,92.66,109.62,407.06,35.69,29.93,4.87,170.19,UNHEALTHY,2026-07-11T21:04:14.658559
PKS_MUL_TRF_01,Multan,traffic,42.42,45.82,709.15,29.61,19.9,26.96,118.05,UNHEALTHY FOR SENSITIVE,2026-07-11T21:04:14.658559
PKS_MUL_PRK_02,Multan,park,47.12,49.48,410.91,31.58,77.54,57.94,129.61,UNHEALTHY FOR SENSITIVE,2026-07-11T21:04:14.658559
PKS_KHI_IND_01,Karachi,industrial,73.75,80.33,676.84,31.99,75.73,39.34,160.42,UNHEALTHY,2026-07-11T21:04:24.670116
PKS_KHI_TRF_02,Karachi,traffic,170.2,176.0,586.9,34.03,20.23,30.94,220.52,VERY UNHEALTHY,2026-07-11T21:04:24.670116
PKS_LHR_RES_01,Lahore,residential,20.46,23.93,435.08,29.22,51.82,50.63,68.59,MODERATE,2026-07-11T21:04:24.670116
PKS_LHR_IND_02,Lahore,industrial,70.93,74.26,659.79,43.38,64.32,30.92,158.97,UNHEALTHY,2026-07-11T21:04:24.670116
PKS_ISB_PRK_01,Islamabad,park,7.84,9.18,484.38,29.31,44.13,26.19,32.65,GOOD,2026-07-11T21:04:24.670116
PKS_ISB_TRF_02,Islamabad,traffic,57.75,60.36,535.53,31.36,61.87,44.61,152.16,UNHEALTHY,2026-07-11T21:04:24.670116
PKS_PEW_IND_01,Peshawar,industrial,327.39,387.23,669.28,41.99,14.8,39.05,362.23,HAZARDOUS,2026-07-11T21:04:24.670116
PKS_PEW_RES_02,Peshawar,residential,35.31,38.97,491.03,26.71,80.97,31.36,99.81,MODERATE,2026-07-11T21:04:24.670116
PKS_MUL_TRF_01,Multan,traffic,42.56,49.19,534.95,28.42,81.19,50.84,118.38,UNHEALTHY FOR SENSITIVE,2026-07-11T21:04:24.670116
PKS_MUL_PRK_02,Multan,park,7.82,8.02,406.33,33.3,84.87,9.2,32.57,GOOD,2026-07-11T21:04:24.670116
PKS_KHI_IND_01,Karachi,industrial,66.9,76.58,856.78,36.91,54.73,26.21,156.89,UNHEALTHY,2026-07-11T21:04:34.684396
PKS_KHI_TRF_02,Karachi,traffic,48.95,54.74,483.57,37.85,21.75,52.06,134.12,UNHEALTHY FOR SENSITIVE,2026-07-11T21:04:34.684396
PKS_LHR_RES_01,Lahore,residential,118.59,134.79,461.69,23.2,28.97,23.06,183.58,UNHEALTHY,2026-07-11T21:04:34.684396
PKS_LHR_IND_02,Lahore,industrial,81.28,93.6,828.86,36.6,52.17,15.99,164.31,UNHEALTHY,2026-07-11T21:04:34.684396
PKS_ISB_PRK_01,Islamabad,park,39.18,41.98,400.65,26.58,50.59,16.59,110.05,UNHEALTHY FOR SENSITIVE,2026-07-11T21:04:34.684396
PKS_ISB_TRF_02,Islamabad,traffic,56.68,63.57,686.82,34.21,66.57,41.07,151.61,UNHEALTHY,2026-07-11T21:04:34.684396
PKS_PEW_IND_01,Peshawar,industrial,270.42,275.78,777.91,32.06,66.67,16.52,316.86,HAZARDOUS,2026-07-11T21:04:34.684396
PKS_PEW_RES_02,Peshawar,residential,27.78,31.92,426.71,28.81,54.69,47.66,83.97,MODERATE,2026-07-11T21:04:34.684396
PKS_MUL_TRF_01,Multan,traffic,53.84,62.97,632.0,30.18,55.22,18.67,146.16,UNHEALTHY FOR SENSITIVE,2026-07-11T21:04:34.684396
PKS_MUL_PRK_02,Multan,park,6.09,6.68,450.3,24.96,14.96,26.75,25.36,GOOD,2026-07-11T21:04:34.684396
PKS_KHI_IND_01,Karachi,industrial,70.47,82.85,640.88,36.73,64.33,49.51,158.73,UNHEALTHY,2026-07-11T21:04:44.699014
PKS_KHI_TRF_02,Karachi,traffic,62.31,63.1,566.66,39.83,33.66,59.52,154.51,UNHEALTHY,2026-07-11T21:04:44.699014
PKS_LHR_RES_01,Lahore,residential,18.56,18.86,520.63,39.19,23.06,11.93,64.59,MODERATE,2026-07-11T21:04:44.699014
PKS_LHR_IND_02,Lahore,industrial,86.39,98.27,809.58,34.05,58.77,40.82,166.95,UNHEALTHY,2026-07-11T21:04:44.699014
PKS_ISB_PRK_01,Islamabad,park,25.69,30.22,425.39,30.03,21.13,46.38,79.59,MODERATE,2026-07-11T21:04:44.699014
PKS_ISB_TRF_02,Islamabad,traffic,44.0,48.04,656.78,33.93,29.55,15.15,121.93,UNHEALTHY FOR SENSITIVE,2026-07-11T21:04:44.699014
PKS_PEW_IND_01,Peshawar,industrial,71.89,82.52,647.07,36.11,14.86,27.27,159.46,UNHEALTHY,2026-07-11T21:04:44.699014
PKS_PEW_RES_02,Peshawar,residential,24.01,28.59,381.64,30.61,73.59,40.75,76.05,MODERATE,2026-07-11T21:04:44.699014
PKS_MUL_TRF_01,Multan,traffic,41.65,46.48,622.47,34.03,55.94,14.27,116.15,UNHEALTHY FOR SENSITIVE,2026-07-11T21:04:44.699014
PKS_MUL_PRK_02,Multan,park,11.56,13.02,412.76,29.6,12.51,9.27,48.17,GOOD,2026-07-11T21:04:44.699014
PKS_KHI_IND_01,Karachi,industrial,180.26,212.37,765.84,34.21,47.31,13.76,230.49,VERY UNHEALTHY,2026-07-11T21:13:30.457847
PKS_KHI_TRF_02,Karachi,traffic,40.64,43.72,545.29,36.65,21.9,36.55,113.65,UNHEALTHY FOR SENSITIVE,2026-07-11T21:13:30.457847
PKS_LHR_RES_01,Lahore,residential,29.98,34.69,467.48,39.4,70.45,51.14,88.6,MODERATE,2026-07-11T21:13:30.457847
PKS_LHR_IND_02,Lahore,industrial,244.76,291.95,862.58,41.16,37.27,1.1,294.41,VERY UNHEALTHY,2026-07-11T21:13:30.457847
PKS_ISB_PRK_01,Islamabad,park,6.01,6.46,403.86,23.91,29.53,11.53,25.03,GOOD,2026-07-11T21:13:30.457847
PKS_ISB_TRF_02,Islamabad,traffic,117.57,138.62,653.98,29.88,81.77,39.98,183.05,UNHEALTHY,2026-07-11T21:13:30.457847
PKS_PEW_IND_01,Peshawar,industrial,72.22,80.12,919.62,29.5,44.49,11.06,159.64,UNHEALTHY,2026-07-11T21:13:30.457847
PKS_PEW_RES_02,Peshawar,residential,24.26,24.39,452.66,39.54,82.88,4.0,76.58,MODERATE,2026-07-11T21:13:30.457847
PKS_MUL_TRF_01,Multan,traffic,51.58,58.41,566.13,32.09,47.28,42.13,140.6,UNHEALTHY FOR SENSITIVE,2026-07-11T21:13:30.457847
PKS_MUL_PRK_02,Multan,park,9.08,9.51,367.88,33.72,70.06,11.38,37.85,GOOD,2026-07-11T21:13:30.457847
PKS_KHI_IND_01,Karachi,industrial,84.47,100.96,679.11,46.27,82.25,30.07,165.96,UNHEALTHY,2026-07-11T21:13:40.478509
PKS_KHI_TRF_02,Karachi,traffic,48.26,57.13,676.86,25.61,27.13,11.41,132.43,UNHEALTHY FOR SENSITIVE,2026-07-11T21:13:40.478509
PKS_LHR_RES_01,Lahore,residential,25.47,29.69,542.27,27.71,76.91,33.65,79.12,MODERATE,2026-07-11T21:13:40.478509
PKS_LHR_IND_02,Lahore,industrial,77.15,87.93,796.02,32.15,22.63,42.05,162.18,UNHEALTHY,2026-07-11T21:13:40.478509
PKS_ISB_PRK_01,Islamabad,park,14.68,16.19,358.25,19.73,48.99,57.7,56.42,MODERATE,2026-07-11T21:13:40.478509
PKS_ISB_TRF_02,Islamabad,traffic,50.37,55.39,735.16,40.69,28.43,44.24,137.62,UNHEALTHY FOR SENSITIVE,2026-07-11T21:13:40.478509
PKS_PEW_IND_01,Peshawar,industrial,75.6,81.09,965.09,32.71,33.92,16.07,161.38,UNHEALTHY,2026-07-11T21:13:40.478509
PKS_PEW_RES_02,Peshawar,residential,28.17,32.12,531.66,23.77,36.58,47.51,84.79,MODERATE,2026-07-11T21:13:40.478509
PKS_MUL_TRF_01,Multan,traffic,191.94,198.53,764.29,35.97,12.85,21.14,242.06,VERY UNHEALTHY,2026-07-11T21:13:40.478509
PKS_MUL_PRK_02,Multan,park,9.98,10.73,349.74,38.22,12.63,39.05,41.6,GOOD,2026-07-11T21:13:40.478509
PKS_KHI_IND_01,Karachi,industrial,79.03,88.32,604.67,34.21,88.44,17.94,163.15,UNHEALTHY,2026-07-11T21:13:50.489571
PKS_KHI_TRF_02,Karachi,traffic,172.26,201.02,677.03,28.67,45.84,44.92,222.57,VERY UNHEALTHY,2026-07-11T21:13:50.489571
PKS_LHR_RES_01,Lahore,residential,24.05,24.05,465.95,36.48,34.82,36.5,76.13,MODERATE,2026-07-11T21:13:50.489571
PKS_LHR_IND_02,Lahore,industrial,62.02,66.78,643.16,26.5,65.73,24.24,154.37,UNHEALTHY,2026-07-11T21:13:50.489571
PKS_ISB_PRK_01,Islamabad,park,11.02,11.63,470.36,31.8,35.27,30.87,45.93,GOOD,2026-07-11T21:13:50.489571
PKS_ISB_TRF_02,Islamabad,traffic,56.49,60.77,643.66,30.64,57.02,17.59,151.51,UNHEALTHY,2026-07-11T21:13:50.489571
PKS_PEW_IND_01,Peshawar,industrial,68.34,77.96,701.64,32.35,12.19,18.98,157.63,UNHEALTHY,2026-07-11T21:13:50.489571
PKS_PEW_RES_02,Peshawar,residential,29.47,32.02,391.39,31.83,35.33,28.61,87.53,MODERATE,2026-07-11T21:13:50.489571
PKS_MUL_TRF_01,Multan,traffic,45.15,51.04,532.31,34.83,26.12,41.82,124.76,UNHEALTHY FOR SENSITIVE,2026-07-11T21:13:50.489571
PKS_MUL_PRK_02,Multan,park,8.35,9.67,461.97,23.96,78.09,47.48,34.78,GOOD,2026-07-11T21:13:50.489571
PKS_KHI_IND_01,Karachi,industrial,61.27,69.15,781.68,36.06,30.53,4.34,153.98,UNHEALTHY,2026-07-11T21:14:00.508294
PKS_KHI_TRF_02,Karachi,traffic,133.75,160.15,723.2,39.66,29.48,7.7,191.4,UNHEALTHY,2026-07-11T21:14:00.508294
PKS_LHR_RES_01,Lahore,residential,32.97,36.92,395.86,28.11,44.65,21.7,94.89,MODERATE,2026-07-11T21:14:00.508294
PKS_LHR_IND_02,Lahore,industrial,70.92,75.8,805.49,37.68,63.33,39.36,158.96,UNHEALTHY,2026-07-11T21:14:00.508294
PKS_ISB_PRK_01,Islamabad,park,6.14,6.86,384.04,25.06,63.24,55.65,25.6,GOOD,2026-07-11T21:14:00.508294
PKS_ISB_TRF_02,Islamabad,traffic,44.31,53.11,584.27,34.14,32.86,54.36,122.7,UNHEALTHY FOR SENSITIVE,2026-07-11T21:14:00.508294
PKS_PEW_IND_01,Peshawar,industrial,65.54,71.33,656.88,31.12,88.54,7.97,156.18,UNHEALTHY,2026-07-11T21:14:00.508294
PKS_PEW_RES_02,Peshawar,residential,17.54,19.84,433.56,32.74,72.19,4.09,62.44,MODERATE,2026-07-11T21:14:00.508294
PKS_MUL_TRF_01,Multan,traffic,42.05,46.95,478.83,36.59,54.03,42.56,117.12,UNHEALTHY FOR SENSITIVE,2026-07-11T21:14:00.508294
PKS_MUL_PRK_02,Multan,park,7.18,8.2,478.72,34.55,32.03,26.58,29.9,GOOD,2026-07-11T21:14:00.508294
PKS_KHI_IND_01,Karachi,industrial,75.38,87.27,786.02,39.09,37.71,4.43,161.26,UNHEALTHY,2026-07-11T21:14:10.518709
PKS_KHI_TRF_02,Karachi,traffic,38.13,40.56,514.24,35.18,87.82,38.97,107.48,UNHEALTHY FOR SENSITIVE,2026-07-11T21:14:10.518709
PKS_LHR_RES_01,Lahore,residential,31.2,31.44,397.61,28.11,29.61,9.31,91.16,MODERATE,2026-07-11T21:14:10.518709
PKS_LHR_IND_02,Lahore,industrial,54.08,64.19,799.4,30.66,86.46,38.31,146.76,UNHEALTHY FOR SENSITIVE,2026-07-11T21:14:10.518709
PKS_ISB_PRK_01,Islamabad,park,9.44,10.44,397.04,31.26,12.96,14.03,39.34,GOOD,2026-07-11T21:14:10.518709
PKS_ISB_TRF_02,Islamabad,traffic,50.98,60.9,503.54,32.09,40.16,47.63,139.12,UNHEALTHY FOR SENSITIVE,2026-07-11T21:14:10.518709
PKS_PEW_IND_01,Peshawar,industrial,65.03,74.27,756.67,33.06,77.92,50.89,155.92,UNHEALTHY,2026-07-11T21:14:10.518709
PKS_PEW_RES_02,Peshawar,residential,25.07,27.54,429.42,29.48,77.07,49.89,78.27,MODERATE,2026-07-11T21:14:10.518709
PKS_MUL_TRF_01,Multan,traffic,183.14,204.35,636.76,29.7,24.66,36.24,233.35,VERY UNHEALTHY,2026-07-11T21:14:10.518709
PKS_MUL_PRK_02,Multan,park,6.92,8.09,386.62,31.61,46.29,8.9,28.84,GOOD,2026-07-11T21:14:10.518709
PKS_KHI_IND_01,Karachi,industrial,61.33,72.4,867.53,33.99,43.78,13.97,154.01,UNHEALTHY,2026-07-11T21:14:20.527368
PKS_KHI_TRF_02,Karachi,traffic,46.06,51.58,564.59,34.27,63.65,18.72,127.01,UNHEALTHY FOR SENSITIVE,2026-07-11T21:14:20.527368
PKS_LHR_RES_01,Lahore,residential,27.85,30.81,477.15,25.36,14.59,43.38,84.13,MODERATE,2026-07-11T21:14:20.527368
PKS_LHR_IND_02,Lahore,industrial,76.78,85.68,626.28,35.95,31.29,40.39,161.99,UNHEALTHY,2026-07-11T21:14:20.527368
PKS_ISB_PRK_01,Islamabad,park,24.67,27.58,382.58,22.55,83.99,57.97,77.43,MODERATE,2026-07-11T21:14:20.527368
PKS_ISB_TRF_02,Islamabad,traffic,121.79,131.58,578.36,31.22,14.43,37.14,185.23,UNHEALTHY,2026-07-11T21:14:20.527368
PKS_PEW_IND_01,Peshawar,industrial,72.94,84.71,610.54,31.78,52.18,0.1,160.01,UNHEALTHY,2026-07-11T21:14:20.527368
PKS_PEW_RES_02,Peshawar,residential,83.73,93.64,468.92,27.32,14.57,15.69,165.57,UNHEALTHY,2026-07-11T21:14:20.527368
PKS_MUL_TRF_01,Multan,traffic,137.6,155.24,512.15,36.92,41.24,29.42,193.39,UNHEALTHY,2026-07-11T21:14:20.527368
PKS_MUL_PRK_02,Multan,park,10.09,10.91,385.62,25.47,81.97,41.82,42.03,GOOD,2026-07-11T21:14:20.527368
PKS_KHI_IND_01,Karachi,industrial,73.39,79.98,683.71,29.83,24.11,27.02,160.24,UNHEALTHY,2026-07-11T21:14:30.543399
PKS_KHI_TRF_02,Karachi,traffic,53.65,64.21,596.83,38.2,55.53,44.94,145.68,UNHEALTHY FOR SENSITIVE,2026-07-11T21:14:30.543399
PKS_LHR_RES_01,Lahore,residential,20.39,24.18,530.89,38.17,32.18,45.41,68.44,MODERATE,2026-07-11T21:14:30.543399
PKS_LHR_IND_02,Lahore,industrial,67.36,72.05,957.36,39.75,27.29,43.96,157.12,UNHEALTHY,2026-07-11T21:14:30.543399
PKS_ISB_PRK_01,Islamabad,park,14.6,16.99,373.97,36.0,82.91,34.5,56.27,MODERATE,2026-07-11T21:14:30.543399
PKS_ISB_TRF_02,Islamabad,traffic,135.38,147.01,699.56,43.26,14.78,45.37,192.24,UNHEALTHY,2026-07-11T21:14:30.543399
PKS_PEW_IND_01,Peshawar,industrial,59.67,64.58,715.77,36.99,21.39,35.74,153.15,UNHEALTHY,2026-07-11T21:14:30.543399
PKS_PEW_RES_02,Peshawar,residential,27.85,29.29,407.59,35.87,88.67,34.16,84.12,MODERATE,2026-07-11T21:14:30.543399
PKS_MUL_TRF_01,Multan,traffic,140.99,166.25,589.08,26.66,54.45,49.29,195.14,UNHEALTHY,2026-07-11T21:14:30.543399
PKS_MUL_PRK_02,Multan,park,8.99,9.37,482.96,20.21,67.36,8.03,37.45,GOOD,2026-07-11T21:14:30.543399
PKS_KHI_IND_01,Karachi,industrial,53.76,62.3,803.45,29.01,20.24,26.07,145.96,UNHEALTHY FOR SENSITIVE,2026-07-11T21:14:40.554889
PKS_KHI_TRF_02,Karachi,traffic,41.54,49.67,476.25,27.22,63.25,58.16,115.87,UNHEALTHY FOR SENSITIVE,2026-07-11T21:14:40.554889
PKS_LHR_RES_01,Lahore,residential,21.55,22.88,449.66,33.33,67.93,6.1,70.88,MODERATE,2026-07-11T21:14:40.554889
PKS_LHR_IND_02,Lahore,industrial,65.32,76.69,812.97,42.73,78.23,37.0,156.07,UNHEALTHY,2026-07-11T21:14:40.554889
PKS_ISB_PRK_01,Islamabad,park,13.31,15.66,393.98,25.21,14.5,43.72,53.55,MODERATE,2026-07-11T21:14:40.554889
PKS_ISB_TRF_02,Islamabad,traffic,58.94,63.15,483.83,29.94,36.78,55.66,152.77,UNHEALTHY,2026-07-11T21:14:40.554889
PKS_PEW_IND_01,Peshawar,industrial,57.35,62.39,855.84,33.36,20.63,28.8,151.96,UNHEALTHY,2026-07-11T21:14:40.554889
PKS_PEW_RES_02,Peshawar,residential,34.19,34.63,484.48,30.14,23.99,9.38,97.46,MODERATE,2026-07-11T21:14:40.554889
PKS_MUL_TRF_01,Multan,traffic,45.26,50.39,572.09,36.35,28.31,23.82,125.03,UNHEALTHY FOR SENSITIVE,2026-07-11T21:14:40.554889
PKS_MUL_PRK_02,Multan,park,9.87,10.8,430.1,28.46,89.51,4.72,41.13,GOOD,2026-07-11T21:14:40.554889
PKS_KHI_IND_01,Karachi,industrial,184.78,207.93,760.61,33.62,17.73,3.79,234.97,VERY UNHEALTHY,2026-07-11T21:14:50.570552
PKS_KHI_TRF_02,Karachi,traffic,54.59,56.62,523.86,34.78,25.45,21.23,147.99,UNHEALTHY FOR SENSITIVE,2026-07-11T21:14:50.570552
PKS_LHR_RES_01,Lahore,residential,30.73,35.84,425.16,41.07,46.32,57.53,90.19,MODERATE,2026-07-11T21:14:50.570552
PKS_LHR_IND_02,Lahore,industrial,78.65,92.62,747.65,28.98,80.0,41.08,162.95,UNHEALTHY,2026-07-11T21:14:50.570552
PKS_ISB_PRK_01,Islamabad,park,9.0,10.45,414.88,22.31,65.07,36.71,37.49,GOOD,2026-07-11T21:14:50.570552
PKS_ISB_TRF_02,Islamabad,traffic,48.5,56.36,505.67,35.39,52.69,23.74,133.01,UNHEALTHY FOR SENSITIVE,2026-07-11T21:14:50.570552
PKS_PEW_IND_01,Peshawar,industrial,81.85,82.38,616.66,36.68,52.24,36.47,164.6,UNHEALTHY,2026-07-11T21:14:50.570552
PKS_PEW_RES_02,Peshawar,residential,19.45,21.68,365.27,28.27,42.68,48.11,66.45,MODERATE,2026-07-11T21:14:50.570552
PKS_MUL_TRF_01,Multan,traffic,61.18,71.46,552.7,31.23,54.84,8.11,153.94,UNHEALTHY,2026-07-11T21:14:50.570552
PKS_MUL_PRK_02,Multan,park,5.77,6.38,400.42,26.92,81.36,23.9,24.05,GOOD,2026-07-11T21:14:50.570552
PKS_KHI_IND_01,Karachi,industrial,75.58,77.81,737.88,32.75,68.34,33.75,161.37,UNHEALTHY,2026-07-11T21:15:00.583587
PKS_KHI_TRF_02,Karachi,traffic,159.92,166.55,490.37,42.46,61.69,47.57,210.33,VERY UNHEALTHY,2026-07-11T21:15:00.583587
PKS_LHR_RES_01,Lahore,residential,22.33,24.22,512.67,32.95,50.55,41.45,72.5,MODERATE,2026-07-11T21:15:00.583587
PKS_LHR_IND_02,Lahore,industrial,57.56,60.34,572.41,33.11,39.53,34.48,152.06,UNHEALTHY,2026-07-11T21:15:00.583587
PKS_ISB_PRK_01,Islamabad,park,9.22,9.46,431.94,31.54,25.78,23.6,38.41,GOOD,2026-07-11T21:15:00.583587
PKS_ISB_TRF_02,Islamabad,traffic,36.42,42.66,498.57,38.87,47.45,14.71,103.27,UNHEALTHY FOR SENSITIVE,2026-07-11T21:15:00.583587
PKS_PEW_IND_01,Peshawar,industrial,271.99,299.34,823.26,31.16,16.43,14.18,318.11,HAZARDOUS,2026-07-11T21:15:00.583587
PKS_PEW_RES_02,Peshawar,residential,32.32,38.35,504.43,28.95,39.63,6.27,93.52,MODERATE,2026-07-11T21:15:00.583587
PKS_MUL_TRF_01,Multan,traffic,49.81,57.53,473.77,39.41,46.21,9.74,136.23,UNHEALTHY FOR SENSITIVE,2026-07-11T21:15:00.583587
PKS_MUL_PRK_02,Multan,park,12.61,14.21,437.57,25.91,74.25,58.79,52.07,MODERATE,2026-07-11T21:15:00.583587
PKS_KHI_IND_01,Karachi,industrial,70.84,79.15,606.1,39.37,66.54,52.38,158.92,UNHEALTHY,2026-07-11T21:15:10.600438
PKS_KHI_TRF_02,Karachi,traffic,43.97,51.77,438.66,32.16,38.62,4.16,121.86,UNHEALTHY FOR SENSITIVE,2026-07-11T21:15:10.600438
PKS_LHR_RES_01,Lahore,residential,16.52,18.25,452.36,37.38,69.48,13.31,60.29,MODERATE,2026-07-11T21:15:10.600438
PKS_LHR_IND_02,Lahore,industrial,82.24,95.38,804.73,30.64,44.79,36.67,164.81,UNHEALTHY,2026-07-11T21:15:10.600438
PKS_ISB_PRK_01,Islamabad,park,6.23,6.85,382.09,27.27,28.36,17.0,25.95,GOOD,2026-07-11T21:15:10.600438
PKS_ISB_TRF_02,Islamabad,traffic,142.58,162.96,573.4,34.57,50.73,11.85,195.96,UNHEALTHY,2026-07-11T21:15:10.600438
PKS_PEW_IND_01,Peshawar,industrial,68.14,80.05,616.47,36.52,10.08,14.26,157.53,UNHEALTHY,2026-07-11T21:15:10.600438
PKS_PEW_RES_02,Peshawar,residential,89.68,94.4,481.4,31.25,34.04,56.69,168.65,UNHEALTHY,2026-07-11T21:15:10.600438
PKS_MUL_TRF_01,Multan,traffic,59.03,66.55,513.8,40.46,62.64,28.62,152.82,UNHEALTHY,2026-07-11T21:15:10.600438
PKS_MUL_PRK_02,Multan,park,11.32,13.12,387.69,29.69,72.63,3.17,47.15,GOOD,2026-07-11T21:15:10.600438
PKS_KHI_IND_01,Karachi,industrial,212.47,227.32,773.92,35.96,69.95,35.4,262.41,VERY UNHEALTHY,2026-07-11T21:15:20.613030
PKS_KHI_TRF_02,Karachi,traffic,34.59,39.25,718.81,27.24,45.73,57.04,98.3,MODERATE,2026-07-11T21:15:20.613030
PKS_LHR_RES_01,Lahore,residential,82.13,88.56,527.42,30.82,43.31,11.71,164.75,UNHEALTHY,2026-07-11T21:15:20.613030
PKS_LHR_IND_02,Lahore,industrial,86.94,90.48,715.51,39.82,58.74,42.04,167.24,UNHEALTHY,2026-07-11T21:15:20.613030
PKS_ISB_PRK_01,Islamabad,park,10.19,11.45,423.25,36.62,47.67,22.61,42.47,GOOD,2026-07-11T21:15:20.613030
PKS_ISB_TRF_02,Islamabad,traffic,51.82,53.23,509.9,33.65,76.02,56.69,141.19,UNHEALTHY FOR SENSITIVE,2026-07-11T21:15:20.613030
PKS_PEW_IND_01,Peshawar,industrial,80.16,87.65,583.27,33.91,14.46,1.78,163.73,UNHEALTHY,2026-07-11T21:15:20.613030
PKS_PEW_RES_02,Peshawar,residential,32.61,36.54,418.29,34.36,71.56,22.7,94.14,MODERATE,2026-07-11T21:15:20.613030
PKS_MUL_TRF_01,Multan,traffic,48.23,51.12,584.34,43.58,57.0,23.62,132.34,UNHEALTHY FOR SENSITIVE,2026-07-11T21:15:20.613030
PKS_MUL_PRK_02,Multan,park,44.4,48.58,410.88,25.52,15.95,43.1,122.91,UNHEALTHY FOR SENSITIVE,2026-07-11T21:15:20.613030
PKS_KHI_IND_01,Karachi,industrial,59.59,70.15,757.64,33.51,16.75,56.21,153.11,UNHEALTHY,2026-07-11T21:15:30.622933
PKS_KHI_TRF_02,Karachi,traffic,42.73,48.98,544.23,39.08,56.77,9.44,118.79,UNHEALTHY FOR SENSITIVE,2026-07-11T21:15:30.622933
PKS_LHR_RES_01,Lahore,residential,24.76,25.96,433.18,29.26,40.42,37.47,77.63,MODERATE,2026-07-11T21:15:30.622933
PKS_LHR_IND_02,Lahore,industrial,55.27,57.62,941.31,37.14,41.24,57.67,149.68,UNHEALTHY FOR SENSITIVE,2026-07-11T21:15:30.622933
PKS_ISB_PRK_01,Islamabad,park,12.73,14.55,425.79,27.37,41.97,52.31,52.32,MODERATE,2026-07-11T21:15:30.622933
PKS_ISB_TRF_02,Islamabad,traffic,50.74,54.61,520.77,32.55,20.27,10.31,138.52,UNHEALTHY FOR SENSITIVE,2026-07-11T21:15:30.622933
PKS_PEW_IND_01,Peshawar,industrial,71.67,81.98,652.36,42.09,50.43,0.68,159.35,UNHEALTHY,2026-07-11T21:15:30.622933
PKS_PEW_RES_02,Peshawar,residential,31.71,32.62,414.07,42.98,80.82,5.88,92.25,MODERATE,2026-07-11T21:15:30.622933
PKS_MUL_TRF_01,Multan,traffic,171.43,173.34,607.7,33.06,64.32,7.39,221.74,VERY UNHEALTHY,2026-07-11T21:15:30.622933
PKS_MUL_PRK_02,Multan,park,18.08,21.38,410.18,22.12,18.17,49.4,63.58,MODERATE,2026-07-11T21:15:30.622933
PKS_KHI_IND_01,Karachi,industrial,74.38,81.37,916.18,35.68,17.17,22.75,160.75,UNHEALTHY,2026-07-11T21:15:40.629893
PKS_KHI_TRF_02,Karachi,traffic,38.73,44.25,559.96,33.57,40.59,9.24,108.96,UNHEALTHY FOR SENSITIVE,2026-07-11T21:15:40.629893
PKS_LHR_RES_01,Lahore,residential,37.2,43.65,437.39,29.6,82.31,37.09,105.19,UNHEALTHY FOR SENSITIVE,2026-07-11T21:15:40.629893
PKS_LHR_IND_02,Lahore,industrial,213.04,215.43,552.07,35.94,33.77,21.94,262.98,VERY UNHEALTHY,2026-07-11T21:15:40.629893
PKS_ISB_PRK_01,Islamabad,park,6.61,7.06,373.94,28.88,36.97,32.9,27.55,GOOD,2026-07-11T21:15:40.629893
PKS_ISB_TRF_02,Islamabad,traffic,47.03,47.46,736.69,28.39,47.06,59.98,129.39,UNHEALTHY FOR SENSITIVE,2026-07-11T21:15:40.629893
PKS_PEW_IND_01,Peshawar,industrial,61.29,70.83,551.17,29.0,31.83,13.43,153.99,UNHEALTHY,2026-07-11T21:15:40.629893
PKS_PEW_RES_02,Peshawar,residential,29.12,29.23,384.35,35.83,57.27,31.77,86.79,MODERATE,2026-07-11T21:15:40.629893
PKS_MUL_TRF_01,Multan,traffic,48.76,51.43,522.38,33.21,17.52,59.87,133.65,UNHEALTHY FOR SENSITIVE,2026-07-11T21:15:40.629893
PKS_MUL_PRK_02,Multan,park,12.99,15.45,469.29,32.0,53.46,43.51,52.88,MODERATE,2026-07-11T21:15:40.629893
PKS_KHI_IND_01,Karachi,industrial,238.14,285.52,779.66,32.91,23.66,1.54,287.85,VERY UNHEALTHY,2026-07-11T21:15:50.667937
PKS_KHI_TRF_02,Karachi,traffic,39.37,45.75,639.12,39.55,78.78,39.25,110.52,UNHEALTHY FOR SENSITIVE,2026-07-11T21:15:50.667937
PKS_LHR_RES_01,Lahore,residential,26.87,27.65,436.03,33.09,51.69,51.01,82.07,MODERATE,2026-07-11T21:15:50.667937
PKS_LHR_IND_02,Lahore,industrial,77.76,92.36,794.12,34.57,11.31,12.0,162.49,UNHEALTHY,2026-07-11T21:15:50.667937
PKS_ISB_PRK_01,Islamabad,park,7.96,9.2,378.95,32.13,48.47,25.18,33.15,GOOD,2026-07-11T21:15:50.667937
PKS_ISB_TRF_02,Islamabad,traffic,175.37,208.63,559.1,29.37,20.33,53.07,225.64,VERY UNHEALTHY,2026-07-11T21:15:50.667937
PKS_PEW_IND_01,Peshawar,industrial,70.86,72.51,839.74,42.61,75.71,31.41,158.93,UNHEALTHY,2026-07-11T21:15:50.667937
PKS_PEW_RES_02,Peshawar,residential,29.86,31.77,437.25,35.31,23.73,46.51,88.36,MODERATE,2026-07-11T21:15:50.667937
PKS_MUL_TRF_01,Multan,traffic,58.45,62.74,548.57,27.98,24.86,52.56,152.52,UNHEALTHY,2026-07-11T21:15:50.667937
PKS_MUL_PRK_02,Multan,park,7.36,8.75,360.36,28.86,21.12,28.85,30.67,GOOD,2026-07-11T21:15:50.667937
PKS_KHI_IND_01,Karachi,industrial,65.42,76.99,782.3,36.89,60.85,12.99,156.12,UNHEALTHY,2026-07-11T21:16:00.680406
PKS_KHI_TRF_02,Karachi,traffic,136.58,148.75,643.73,28.53,14.49,55.4,192.87,UNHEALTHY,2026-07-11T21:16:00.680406
PKS_LHR_RES_01,Lahore,residential,33.2,37.87,470.51,34.67,57.89,44.02,95.37,MODERATE,2026-07-11T21:16:00.680406
PKS_LHR_IND_02,Lahore,industrial,82.8,92.58,938.81,47.52,44.69,59.95,165.09,UNHEALTHY,2026-07-11T21:16:00.680406
PKS_ISB_PRK_01,Islamabad,park,9.7,10.93,393.8,20.66,50.92,1.25,40.41,GOOD,2026-07-11T21:16:00.680406
PKS_ISB_TRF_02,Islamabad,traffic,43.06,48.09,641.19,41.04,29.32,25.35,119.62,UNHEALTHY FOR SENSITIVE,2026-07-11T21:16:00.680406
PKS_PEW_IND_01,Peshawar,industrial,257.05,278.48,793.42,38.35,51.74,36.55,306.22,HAZARDOUS,2026-07-11T21:16:00.680406
PKS_PEW_RES_02,Peshawar,residential,96.73,111.16,373.72,30.03,13.81,4.49,172.29,UNHEALTHY,2026-07-11T21:16:00.680406
PKS_MUL_TRF_01,Multan,traffic,136.34,161.93,580.62,32.18,79.09,3.16,192.74,UNHEALTHY,2026-07-11T21:16:00.680406
PKS_MUL_PRK_02,Multan,park,36.91,40.53,379.63,33.03,61.05,38.01,104.46,UNHEALTHY FOR SENSITIVE,2026-07-11T21:16:00.680406
PKS_KHI_IND_01,Karachi,industrial,71.06,80.13,621.63,37.08,56.09,57.65,159.04,UNHEALTHY,2026-07-11T21:16:10.703657
PKS_KHI_TRF_02,Karachi,traffic,154.15,184.47,498.58,28.83,22.81,41.1,204.61,VERY UNHEALTHY,2026-07-11T21:16:10.703657
PKS_LHR_RES_01,Lahore,residential,73.23,81.73,475.19,32.5,20.63,7.44,160.16,UNHEALTHY,2026-07-11T21:16:10.703657
PKS_LHR_IND_02,Lahore,industrial,72.48,76.75,755.01,30.4,53.08,47.83,159.77,UNHEALTHY,2026-07-11T21:16:10.703657
PKS_ISB_PRK_01,Islamabad,park,11.88,12.32,409.55,24.88,83.66,0.68,49.49,GOOD,2026-07-11T21:16:10.703657
PKS_ISB_TRF_02,Islamabad,traffic,55.25,58.06,746.47,31.04,60.62,37.06,149.63,UNHEALTHY FOR SENSITIVE,2026-07-11T21:16:10.703657
PKS_PEW_IND_01,Peshawar,industrial,70.48,83.28,665.59,34.39,46.23,11.66,158.73,UNHEALTHY,2026-07-11T21:16:10.703657
PKS_PEW_RES_02,Peshawar,residential,26.08,26.53,496.77,31.46,82.68,27.8,80.41,MODERATE,2026-07-11T21:16:10.703657
PKS_MUL_TRF_01,Multan,traffic,56.67,63.56,531.81,35.57,33.45,7.92,151.6,UNHEALTHY,2026-07-11T21:16:10.703657
PKS_MUL_PRK_02,Multan,park,7.38,8.03,420.64,26.68,61.0,29.56,30.74,GOOD,2026-07-11T21:16:10.703657
PKS_KHI_IND_01,Karachi,industrial,74.55,83.83,685.69,41.65,82.83,45.58,160.84,UNHEALTHY,2026-07-11T21:16:20.724740
PKS_KHI_TRF_02,Karachi,traffic,51.03,54.3,518.96,43.44,66.52,28.15,139.23,UNHEALTHY FOR SENSITIVE,2026-07-11T21:16:20.724740
PKS_LHR_RES_01,Lahore,residential,28.48,32.41,536.36,40.9,11.34,50.13,85.46,MODERATE,2026-07-11T21:16:20.724740
PKS_LHR_IND_02,Lahore,industrial,64.4,67.53,842.15,30.92,37.71,48.97,155.59,UNHEALTHY,2026-07-11T21:16:20.724740
PKS_ISB_PRK_01,Islamabad,park,8.27,9.83,440.0,29.22,59.55,52.87,34.47,GOOD,2026-07-11T21:16:20.724740
PKS_ISB_TRF_02,Islamabad,traffic,47.56,47.78,530.58,37.85,70.92,27.87,130.7,UNHEALTHY FOR SENSITIVE,2026-07-11T21:16:20.724740
PKS_PEW_IND_01,Peshawar,industrial,190.75,212.6,823.29,29.62,65.25,23.05,240.88,VERY UNHEALTHY,2026-07-11T21:16:20.724740
PKS_PEW_RES_02,Peshawar,residential,17.96,21.12,509.64,39.15,23.33,14.37,63.33,MODERATE,2026-07-11T21:16:20.724740
PKS_MUL_TRF_01,Multan,traffic,57.51,65.46,523.9,39.19,40.61,39.82,152.04,UNHEALTHY,2026-07-11T21:16:20.724740
PKS_MUL_PRK_02,Multan,park,7.88,9.41,389.22,36.16,70.87,53.21,32.85,GOOD,2026-07-11T21:16:20.724740
PKS_KHI_IND_01,Karachi,industrial,84.25,84.33,785.34,31.47,69.45,12.35,165.85,UNHEALTHY,2026-07-11T21:18:21.415767
PKS_KHI_TRF_02,Karachi,traffic,44.33,49.34,678.97,27.06,50.16,16.5,122.74,UNHEALTHY FOR SENSITIVE,2026-07-11T21:18:21.415767
PKS_LHR_RES_01,Lahore,residential,153.32,177.54,429.42,28.68,30.35,34.6,203.79,VERY UNHEALTHY,2026-07-11T21:18:21.415767
PKS_LHR_IND_02,Lahore,industrial,65.73,73.0,779.67,37.39,50.2,58.35,156.28,UNHEALTHY,2026-07-11T21:18:21.415767
PKS_ISB_PRK_01,Islamabad,park,9.75,10.54,389.05,26.66,74.73,12.51,40.62,GOOD,2026-07-11T21:18:21.415767
PKS_ISB_TRF_02,Islamabad,traffic,40.23,44.96,589.95,39.7,54.32,0.27,112.65,UNHEALTHY FOR SENSITIVE,2026-07-11T21:18:21.415767
PKS_PEW_IND_01,Peshawar,industrial,184.1,187.96,699.44,42.63,86.4,29.94,234.3,VERY UNHEALTHY,2026-07-11T21:18:21.415767
PKS_PEW_RES_02,Peshawar,residential,28.31,28.85,462.53,36.55,77.56,47.18,85.08,MODERATE,2026-07-11T21:18:21.415767
PKS_MUL_TRF_01,Multan,traffic,51.28,59.86,504.25,38.51,34.74,10.75,139.85,UNHEALTHY FOR SENSITIVE,2026-07-11T21:18:21.415767
PKS_MUL_PRK_02,Multan,park,5.57,5.82,388.42,26.78,46.26,29.13,23.2,GOOD,2026-07-11T21:18:21.415767
PKS_KHI_IND_01,Karachi,industrial,71.57,75.45,867.57,35.82,65.02,50.17,159.3,UNHEALTHY,2026-07-11T21:18:31.434483
PKS_KHI_TRF_02,Karachi,traffic,123.96,127.68,558.17,25.71,62.51,37.02,186.35,UNHEALTHY,2026-07-11T21:18:31.434483
PKS_LHR_RES_01,Lahore,residential,35.32,41.97,513.51,31.45,80.74,46.44,99.84,MODERATE,2026-07-11T21:18:31.434483
PKS_LHR_IND_02,Lahore,industrial,70.94,77.98,710.84,33.57,57.82,39.15,158.97,UNHEALTHY,2026-07-11T21:18:31.434483
PKS_ISB_PRK_01,Islamabad,park,9.44,9.49,393.09,35.95,64.21,43.24,39.34,GOOD,2026-07-11T21:18:31.434483
PKS_ISB_TRF_02,Islamabad,traffic,57.56,63.62,593.91,26.98,43.18,53.35,152.06,UNHEALTHY,2026-07-11T21:18:31.434483
PKS_PEW_IND_01,Peshawar,industrial,61.29,68.86,947.02,44.82,89.11,0.07,153.99,UNHEALTHY,2026-07-11T21:18:31.434483
PKS_PEW_RES_02,Peshawar,residential,22.58,23.09,427.07,40.93,56.86,15.07,73.05,MODERATE,2026-07-11T21:18:31.434483
PKS_MUL_TRF_01,Multan,traffic,53.49,60.28,659.56,25.19,70.01,11.37,145.29,UNHEALTHY FOR SENSITIVE,2026-07-11T21:18:31.434483
PKS_MUL_PRK_02,Multan,park,13.47,14.27,392.2,26.75,62.76,36.57,53.87,MODERATE,2026-07-11T21:18:31.434483
PKS_KHI_IND_01,Karachi,industrial,81.95,85.84,753.1,37.12,11.36,29.01,164.66,UNHEALTHY,2026-07-11T21:18:41.450574
PKS_KHI_TRF_02,Karachi,traffic,54.72,57.47,578.48,28.4,71.28,12.2,148.32,UNHEALTHY FOR SENSITIVE,2026-07-11T21:18:41.450574
PKS_LHR_RES_01,Lahore,residential,22.68,23.59,374.48,27.96,21.94,49.92,73.25,MODERATE,2026-07-11T21:18:41.450574
PKS_LHR_IND_02,Lahore,industrial,62.11,64.04,804.55,36.73,20.05,8.4,154.41,UNHEALTHY,2026-07-11T21:18:41.450574
PKS_ISB_PRK_01,Islamabad,park,14.99,16.92,405.62,26.17,82.09,32.5,57.07,MODERATE,2026-07-11T21:18:41.450574
PKS_ISB_TRF_02,Islamabad,traffic,50.59,54.65,689.32,38.58,36.2,54.38,138.17,UNHEALTHY FOR SENSITIVE,2026-07-11T21:18:41.450574
PKS_PEW_IND_01,Peshawar,industrial,75.96,87.64,812.38,34.92,12.18,50.66,161.56,UNHEALTHY,2026-07-11T21:18:41.450574
PKS_PEW_RES_02,Peshawar,residential,26.91,32.05,412.3,31.39,33.74,56.42,82.14,MODERATE,2026-07-11T21:18:41.450574
PKS_MUL_TRF_01,Multan,traffic,46.96,55.68,606.99,40.69,64.58,59.32,129.21,UNHEALTHY FOR SENSITIVE,2026-07-11T21:18:41.450574
PKS_MUL_PRK_02,Multan,park,21.72,24.93,366.58,36.84,46.1,22.71,71.24,MODERATE,2026-07-11T21:18:41.450574
PKS_KHI_IND_01,Karachi,industrial,82.64,97.87,708.9,40.55,59.83,45.74,165.01,UNHEALTHY,2026-07-11T21:18:51.452760
PKS_KHI_TRF_02,Karachi,traffic,47.17,50.24,731.29,37.45,59.16,50.5,129.73,UNHEALTHY FOR SENSITIVE,2026-07-11T21:18:51.452760
PKS_LHR_RES_01,Lahore,residential,34.3,38.69,486.9,34.59,53.62,0.9,97.68,MODERATE,2026-07-11T21:18:51.452760
PKS_LHR_IND_02,Lahore,industrial,61.97,63.79,636.45,32.85,33.46,34.82,154.34,UNHEALTHY,2026-07-11T21:18:51.452760
PKS_ISB_PRK_01,Islamabad,park,41.22,48.06,462.36,31.78,18.87,53.11,115.08,UNHEALTHY FOR SENSITIVE,2026-07-11T21:18:51.452760
PKS_ISB_TRF_02,Islamabad,traffic,61.86,63.69,651.59,30.17,69.94,36.63,154.29,UNHEALTHY,2026-07-11T21:18:51.452760
PKS_PEW_IND_01,Peshawar,industrial,78.01,88.74,702.38,30.63,45.84,59.93,162.62,UNHEALTHY,2026-07-11T21:18:51.452760
PKS_PEW_RES_02,Peshawar,residential,17.65,19.55,540.11,23.36,29.47,27.51,62.68,MODERATE,2026-07-11T21:18:51.452760
PKS_MUL_TRF_01,Multan,traffic,35.2,39.14,510.91,40.18,13.84,27.32,99.58,MODERATE,2026-07-11T21:18:51.452760
PKS_MUL_PRK_02,Multan,park,10.54,11.75,442.82,35.23,50.25,0.91,43.93,GOOD,2026-07-11T21:18:51.452760
PKS_KHI_IND_01,Karachi,industrial,205.66,220.42,611.82,36.37,31.29,8.35,255.66,VERY UNHEALTHY,2026-07-11T21:19:01.463334
PKS_KHI_TRF_02,Karachi,traffic,49.6,55.6,527.13,35.23,71.78,21.25,135.73,UNHEALTHY FOR SENSITIVE,2026-07-11T21:19:01.463334
PKS_LHR_RES_01,Lahore,residential,27.29,28.43,486.7,37.59,38.07,30.81,82.94,MODERATE,2026-07-11T21:19:01.463334
PKS_LHR_IND_02,Lahore,industrial,79.19,85.83,953.98,39.87,66.5,11.7,163.23,UNHEALTHY,2026-07-11T21:19:01.463334
PKS_ISB_PRK_01,Islamabad,park,12.93,15.51,349.74,22.99,80.59,53.68,52.75,MODERATE,2026-07-11T21:19:01.463334
PKS_ISB_TRF_02,Islamabad,traffic,54.39,58.87,663.94,33.15,74.42,48.91,147.52,UNHEALTHY FOR SENSITIVE,2026-07-11T21:19:01.463334
PKS_PEW_IND_01,Peshawar,industrial,67.62,70.46,675.09,34.64,47.42,16.49,157.26,UNHEALTHY,2026-07-11T21:19:01.463334
PKS_PEW_RES_02,Peshawar,residential,108.61,108.96,479.33,32.73,18.76,49.99,178.42,UNHEALTHY,2026-07-11T21:19:01.463334
PKS_MUL_TRF_01,Multan,traffic,55.69,56.4,532.66,34.27,82.53,27.63,151.1,UNHEALTHY,2026-07-11T21:19:01.463334
PKS_MUL_PRK_02,Multan,park,13.66,13.68,379.99,29.57,25.6,15.16,54.28,MODERATE,2026-07-11T21:19:01.463334
PKS_KHI_IND_01,Karachi,industrial,249.98,284.1,826.9,33.79,51.18,51.69,299.59,VERY UNHEALTHY,2026-07-11T21:19:11.475395
PKS_KHI_TRF_02,Karachi,traffic,42.83,50.25,604.06,32.27,40.47,16.18,119.06,UNHEALTHY FOR SENSITIVE,2026-07-11T21:19:11.475395
PKS_LHR_RES_01,Lahore,residential,26.26,26.99,450.16,30.87,48.58,43.18,80.79,MODERATE,2026-07-11T21:19:11.475395
PKS_LHR_IND_02,Lahore,industrial,71.33,72.01,710.82,38.01,42.45,50.75,159.17,UNHEALTHY,2026-07-11T21:19:11.475395
PKS_ISB_PRK_01,Islamabad,park,8.94,9.51,363.13,36.43,40.99,17.74,37.27,GOOD,2026-07-11T21:19:11.475395
PKS_ISB_TRF_02,Islamabad,traffic,39.5,45.78,634.59,35.87,59.15,30.48,110.84,UNHEALTHY FOR SENSITIVE,2026-07-11T21:19:11.475395
PKS_PEW_IND_01,Peshawar,industrial,72.58,83.56,814.05,34.98,73.69,34.87,159.82,UNHEALTHY,2026-07-11T21:19:11.475395
PKS_PEW_RES_02,Peshawar,residential,33.67,35.0,467.35,36.52,48.15,37.37,96.35,MODERATE,2026-07-11T21:19:11.475395
PKS_MUL_TRF_01,Multan,traffic,49.72,52.52,742.21,33.75,54.65,4.77,136.01,UNHEALTHY FOR SENSITIVE,2026-07-11T21:19:11.475395
PKS_MUL_PRK_02,Multan,park,9.23,9.37,459.77,23.24,87.95,13.61,38.46,GOOD,2026-07-11T21:19:11.475395
PKS_KHI_IND_01,Karachi,industrial,58.05,67.87,687.85,31.2,81.94,55.44,152.32,UNHEALTHY,2026-07-11T21:19:21.478260
PKS_KHI_TRF_02,Karachi,traffic,49.27,53.62,502.86,25.13,74.92,1.03,134.89,UNHEALTHY FOR SENSITIVE,2026-07-11T21:19:21.478260
PKS_LHR_RES_01,Lahore,residential,24.15,25.33,384.45,29.5,81.71,52.84,76.33,MODERATE,2026-07-11T21:19:21.478260
PKS_LHR_IND_02,Lahore,industrial,61.74,72.22,652.72,29.71,32.04,58.74,154.22,UNHEALTHY,2026-07-11T21:19:21.478260
PKS_ISB_PRK_01,Islamabad,park,13.77,16.02,382.78,27.93,56.02,56.39,54.51,MODERATE,2026-07-11T21:19:21.478260
PKS_ISB_TRF_02,Islamabad,traffic,137.1,157.45,571.98,33.29,39.54,12.63,193.13,UNHEALTHY,2026-07-11T21:19:21.478260
PKS_PEW_IND_01,Peshawar,industrial,212.23,219.27,704.67,33.14,76.36,29.91,262.18,VERY UNHEALTHY,2026-07-11T21:19:21.478260
PKS_PEW_RES_02,Peshawar,residential,28.51,32.78,478.93,32.39,41.1,51.25,85.52,MODERATE,2026-07-11T21:19:21.478260
PKS_MUL_TRF_01,Multan,traffic,50.27,60.22,677.27,30.14,85.18,40.07,137.37,UNHEALTHY FOR SENSITIVE,2026-07-11T21:19:21.478260
PKS_MUL_PRK_02,Multan,park,11.21,12.08,423.84,24.62,42.22,53.13,46.71,GOOD,2026-07-11T21:19:21.478260
PKS_KHI_IND_01,Karachi,industrial,208.15,230.38,953.88,36.18,12.83,7.08,258.13,VERY UNHEALTHY,2026-07-11T21:19:31.482147
PKS_KHI_TRF_02,Karachi,traffic,47.7,50.51,647.77,44.11,81.75,52.74,131.05,UNHEALTHY FOR SENSITIVE,2026-07-11T21:19:31.482147
PKS_LHR_RES_01,Lahore,residential,23.65,25.83,429.15,31.97,33.1,13.1,75.29,MODERATE,2026-07-11T21:19:31.482147
PKS_LHR_IND_02,Lahore,industrial,253.9,254.57,740.14,36.28,29.59,47.47,303.7,HAZARDOUS,2026-07-11T21:19:31.482147
PKS_ISB_PRK_01,Islamabad,park,11.94,12.81,357.45,26.18,75.17,26.64,49.75,GOOD,2026-07-11T21:19:31.482147
PKS_ISB_TRF_02,Islamabad,traffic,52.77,56.55,696.67,36.45,38.11,45.77,143.53,UNHEALTHY FOR SENSITIVE,2026-07-11T21:19:31.482147
PKS_PEW_IND_01,Peshawar,industrial,57.27,62.35,703.99,43.29,41.11,2.24,151.91,UNHEALTHY,2026-07-11T21:19:31.482147
PKS_PEW_RES_02,Peshawar,residential,29.32,33.85,460.24,25.49,29.35,21.17,87.22,MODERATE,2026-07-11T21:19:31.482147
PKS_MUL_TRF_01,Multan,traffic,41.11,45.19,596.05,36.3,64.71,40.09,114.8,UNHEALTHY FOR SENSITIVE,2026-07-11T21:19:31.482147
PKS_MUL_PRK_02,Multan,park,43.08,46.31,444.34,34.57,14.37,24.8,119.66,UNHEALTHY FOR SENSITIVE,2026-07-11T21:19:31.482147
PKS_KHI_IND_01,Karachi,industrial,62.42,69.19,694.13,41.16,42.76,42.53,154.57,UNHEALTHY,2026-07-11T21:19:41.489592
PKS_KHI_TRF_02,Karachi,traffic,40.54,43.25,656.0,32.98,19.51,40.55,113.41,UNHEALTHY FOR SENSITIVE,2026-07-11T21:19:41.489592
PKS_LHR_RES_01,Lahore,residential,32.87,39.3,480.08,40.01,80.05,8.74,94.68,MODERATE,2026-07-11T21:19:41.489592
PKS_LHR_IND_02,Lahore,industrial,55.22,66.23,808.83,36.63,82.96,8.13,149.55,UNHEALTHY FOR SENSITIVE,2026-07-11T21:19:41.489592
PKS_ISB_PRK_01,Islamabad,park,12.56,12.76,462.43,19.78,73.04,16.82,51.98,MODERATE,2026-07-11T21:19:41.489592
PKS_ISB_TRF_02,Islamabad,traffic,35.17,39.02,682.16,32.69,34.88,7.41,99.51,MODERATE,2026-07-11T21:19:41.489592
PKS_PEW_IND_01,Peshawar,industrial,185.42,198.81,804.21,45.9,84.9,40.85,235.61,VERY UNHEALTHY,2026-07-11T21:19:41.489592
PKS_PEW_RES_02,Peshawar,residential,101.43,112.83,525.66,31.53,19.82,36.45,174.71,UNHEALTHY,2026-07-11T21:19:41.489592
PKS_MUL_TRF_01,Multan,traffic,47.25,51.24,569.79,32.22,36.59,59.06,129.94,UNHEALTHY FOR SENSITIVE,2026-07-11T21:19:41.489592
PKS_MUL_PRK_02,Multan,park,9.78,10.34,387.05,29.28,49.79,59.64,40.74,GOOD,2026-07-11T21:19:41.489592
PKS_KHI_IND_01,Karachi,industrial,76.53,91.29,583.93,26.97,53.57,29.75,161.86,UNHEALTHY,2026-07-11T21:20:27.282192
PKS_KHI_TRF_02,Karachi,traffic,57.56,61.9,629.03,33.4,74.72,45.26,152.06,UNHEALTHY,2026-07-11T21:20:27.282192
PKS_LHR_RES_01,Lahore,residential,28.22,33.47,364.14,29.66,58.77,32.97,84.89,MODERATE,2026-07-11T21:20:27.282192
PKS_LHR_IND_02,Lahore,industrial,182.97,193.95,728.64,45.74,82.21,35.51,233.17,VERY UNHEALTHY,2026-07-11T21:20:27.282192
PKS_ISB_PRK_01,Islamabad,park,33.3,33.76,463.98,34.32,21.97,17.76,95.58,MODERATE,2026-07-11T21:20:27.282192
PKS_ISB_TRF_02,Islamabad,traffic,54.08,64.42,473.73,31.81,57.05,54.57,146.75,UNHEALTHY FOR SENSITIVE,2026-07-11T21:20:27.282192
PKS_PEW_IND_01,Peshawar,industrial,77.44,85.63,676.16,32.82,13.75,19.13,162.33,UNHEALTHY,2026-07-11T21:20:27.282192
PKS_PEW_RES_02,Peshawar,residential,16.75,19.68,506.67,23.33,10.7,59.18,60.79,MODERATE,2026-07-11T21:20:27.282192
PKS_MUL_TRF_01,Multan,traffic,203.43,208.1,599.37,36.94,57.82,59.63,253.45,VERY UNHEALTHY,2026-07-11T21:20:27.282192
PKS_MUL_PRK_02,Multan,park,11.42,12.13,419.24,23.47,14.47,7.26,47.58,GOOD,2026-07-11T21:20:27.282192
PKS_KHI_IND_01,Karachi,industrial,92.73,110.62,752.6,30.08,42.77,33.44,170.22,UNHEALTHY,2026-07-11T21:20:37.292597
PKS_KHI_TRF_02,Karachi,traffic,44.63,52.51,568.02,41.28,69.27,11.93,123.47,UNHEALTHY FOR SENSITIVE,2026-07-11T21:20:37.292597
PKS_LHR_RES_01,Lahore,residential,21.58,24.53,431.55,39.12,14.09,30.4,70.94,MODERATE,2026-07-11T21:20:37.292597
PKS_LHR_IND_02,Lahore,industrial,74.95,81.23,878.81,29.96,37.22,30.39,161.04,UNHEALTHY,2026-07-11T21:20:37.292597
PKS_ISB_PRK_01,Islamabad,park,50.19,52.0,424.53,27.1,85.16,17.84,137.17,UNHEALTHY FOR SENSITIVE,2026-07-11T21:20:37.292597
PKS_ISB_TRF_02,Islamabad,traffic,53.89,62.62,601.57,37.02,45.99,57.53,146.28,UNHEALTHY FOR SENSITIVE,2026-07-11T21:20:37.292597
PKS_PEW_IND_01,Peshawar,industrial,66.94,74.38,761.55,29.57,31.1,55.94,156.91,UNHEALTHY,2026-07-11T21:20:37.292597
PKS_PEW_RES_02,Peshawar,residential,22.72,25.12,493.39,26.6,44.3,57.87,73.34,MODERATE,2026-07-11T21:20:37.292597
PKS_MUL_TRF_01,Multan,traffic,41.11,41.96,635.37,32.19,68.33,38.03,114.83,UNHEALTHY FOR SENSITIVE,2026-07-11T21:20:37.292597
PKS_MUL_PRK_02,Multan,park,35.73,36.26,431.59,27.34,48.8,8.76,101.56,UNHEALTHY FOR SENSITIVE,2026-07-11T21:20:37.292597
PKS_KHI_IND_01,Karachi,industrial,68.43,72.76,756.8,31.24,75.2,33.12,157.67,UNHEALTHY,2026-07-11T21:20:47.306344
PKS_KHI_TRF_02,Karachi,traffic,39.89,41.79,604.16,33.01,70.37,37.85,111.81,UNHEALTHY FOR SENSITIVE,2026-07-11T21:20:47.306344
PKS_LHR_RES_01,Lahore,residential,38.33,44.83,526.96,34.43,42.72,16.71,107.97,UNHEALTHY FOR SENSITIVE,2026-07-11T21:20:47.306344
PKS_LHR_IND_02,Lahore,industrial,70.23,83.35,737.18,34.82,14.99,28.23,158.61,UNHEALTHY,2026-07-11T21:20:47.306344
PKS_ISB_PRK_01,Islamabad,park,12.46,14.46,388.77,24.6,65.91,47.14,51.75,MODERATE,2026-07-11T21:20:47.306344
PKS_ISB_TRF_02,Islamabad,traffic,35.78,38.28,745.46,26.05,81.67,59.63,101.69,UNHEALTHY FOR SENSITIVE,2026-07-11T21:20:47.306344
PKS_PEW_IND_01,Peshawar,industrial,70.2,83.32,654.0,40.62,26.22,1.61,158.59,UNHEALTHY,2026-07-11T21:20:47.306344
PKS_PEW_RES_02,Peshawar,residential,20.1,21.95,460.97,39.9,54.9,29.69,67.82,MODERATE,2026-07-11T21:20:47.306344
PKS_MUL_TRF_01,Multan,traffic,59.83,63.04,730.59,33.34,66.03,46.38,153.23,UNHEALTHY,2026-07-11T21:20:47.306344
PKS_MUL_PRK_02,Multan,park,6.84,7.38,455.39,32.77,65.37,10.37,28.52,GOOD,2026-07-11T21:20:47.306344
PKS_KHI_IND_01,Karachi,industrial,56.92,67.09,857.68,33.92,56.56,24.99,151.74,UNHEALTHY,2026-07-11T21:20:57.320485
PKS_KHI_TRF_02,Karachi,traffic,49.29,50.71,559.64,44.29,62.69,30.23,134.95,UNHEALTHY FOR SENSITIVE,2026-07-11T21:20:57.320485
PKS_LHR_RES_01,Lahore,residential,99.47,114.81,401.79,27.3,48.91,57.0,173.7,UNHEALTHY,2026-07-11T21:20:57.320485
PKS_LHR_IND_02,Lahore,industrial,68.24,75.87,808.45,43.13,74.11,6.26,157.58,UNHEALTHY,2026-07-11T21:20:57.320485
PKS_ISB_PRK_01,Islamabad,park,7.43,8.65,435.11,27.52,44.8,49.5,30.96,GOOD,2026-07-11T21:20:57.320485
PKS_ISB_TRF_02,Islamabad,traffic,51.82,60.57,667.85,25.22,88.36,28.78,141.19,UNHEALTHY FOR SENSITIVE,2026-07-11T21:20:57.320485
PKS_PEW_IND_01,Peshawar,industrial,67.27,71.67,813.81,46.29,65.67,47.44,157.08,UNHEALTHY,2026-07-11T21:20:57.320485
PKS_PEW_RES_02,Peshawar,residential,28.84,33.75,461.05,31.77,16.34,54.18,86.21,MODERATE,2026-07-11T21:20:57.320485
PKS_MUL_TRF_01,Multan,traffic,167.94,193.48,469.12,33.25,57.25,19.92,218.29,VERY UNHEALTHY,2026-07-11T21:20:57.320485
PKS_MUL_PRK_02,Multan,park,11.82,13.17,365.01,26.74,56.88,7.67,49.26,GOOD,2026-07-11T21:20:57.320485
PKS_KHI_IND_01,Karachi,industrial,71.32,78.64,983.34,38.7,43.93,56.86,159.17,UNHEALTHY,2026-07-11T21:21:07.332068
PKS_KHI_TRF_02,Karachi,traffic,42.03,42.41,555.36,38.2,62.84,25.43,117.08,UNHEALTHY FOR SENSITIVE,2026-07-11T21:21:07.332068
PKS_LHR_RES_01,Lahore,residential,37.26,41.06,436.19,32.52,35.42,0.51,105.33,UNHEALTHY FOR SENSITIVE,2026-07-11T21:21:07.332068
PKS_LHR_IND_02,Lahore,industrial,79.22,92.23,613.52,29.49,40.43,27.68,163.25,UNHEALTHY,2026-07-11T21:21:07.332068
PKS_ISB_PRK_01,Islamabad,park,13.13,15.59,453.94,26.02,34.67,49.8,53.17,MODERATE,2026-07-11T21:21:07.332068
PKS_ISB_TRF_02,Islamabad,traffic,55.78,64.3,577.09,40.65,72.77,11.91,151.15,UNHEALTHY,2026-07-11T21:21:07.332068
PKS_PEW_IND_01,Peshawar,industrial,70.99,84.78,675.97,39.2,78.56,41.23,159.0,UNHEALTHY,2026-07-11T21:21:07.332068
PKS_PEW_RES_02,Peshawar,residential,28.95,29.44,433.41,31.22,25.05,7.8,86.43,MODERATE,2026-07-11T21:21:07.332068
PKS_MUL_TRF_01,Multan,traffic,151.19,166.78,622.11,36.89,29.55,44.27,201.68,VERY UNHEALTHY,2026-07-11T21:21:07.332068
PKS_MUL_PRK_02,Multan,park,7.57,9.02,414.65,23.66,42.71,4.51,31.56,GOOD,2026-07-11T21:21:07.332068
PKS_KHI_IND_01,Karachi,industrial,63.55,68.68,710.46,36.87,20.91,43.52,155.16,UNHEALTHY,2026-07-11T21:21:17.342072
PKS_KHI_TRF_02,Karachi,traffic,49.59,57.39,603.73,33.36,53.72,19.61,135.68,UNHEALTHY FOR SENSITIVE,2026-07-11T21:21:17.342072
PKS_LHR_RES_01,Lahore,residential,33.48,33.82,462.84,30.93,21.86,46.13,95.96,MODERATE,2026-07-11T21:21:17.342072
PKS_LHR_IND_02,Lahore,industrial,140.14,159.01,600.59,34.41,74.44,26.24,194.7,UNHEALTHY,2026-07-11T21:21:17.342072
PKS_ISB_PRK_01,Islamabad,park,9.63,9.87,363.79,23.15,28.87,49.03,40.12,GOOD,2026-07-11T21:21:17.342072
PKS_ISB_TRF_02,Islamabad,traffic,46.05,47.13,472.04,35.65,32.39,20.08,126.97,UNHEALTHY FOR SENSITIVE,2026-07-11T21:21:17.342072
PKS_PEW_IND_01,Peshawar,industrial,58.81,70.18,783.21,40.01,40.88,46.74,152.71,UNHEALTHY,2026-07-11T21:21:17.342072
PKS_PEW_RES_02,Peshawar,residential,25.5,28.69,492.3,35.31,59.08,35.35,79.17,MODERATE,2026-07-11T21:21:17.342072
PKS_MUL_TRF_01,Multan,traffic,48.99,55.65,536.91,27.46,88.44,52.36,134.22,UNHEALTHY FOR SENSITIVE,2026-07-11T21:21:17.342072
PKS_MUL_PRK_02,Multan,park,11.29,13.47,442.98,32.73,64.92,55.01,47.06,GOOD,2026-07-11T21:21:17.342072
PKS_KHI_IND_01,Karachi,industrial,81.9,85.96,686.05,32.63,47.92,18.14,164.63,UNHEALTHY,2026-07-11T21:21:27.346006
PKS_KHI_TRF_02,Karachi,traffic,112.34,120.75,467.65,35.29,73.41,4.76,180.35,UNHEALTHY,2026-07-11T21:21:27.346006
PKS_LHR_RES_01,Lahore,residential,35.15,38.38,475.46,33.77,45.66,9.72,99.47,MODERATE,2026-07-11T21:21:27.346006
PKS_LHR_IND_02,Lahore,industrial,68.88,80.41,934.64,35.05,10.12,16.18,157.91,UNHEALTHY,2026-07-11T21:21:27.346006
PKS_ISB_PRK_01,Islamabad,park,42.33,44.23,461.66,28.77,46.44,6.4,117.82,UNHEALTHY FOR SENSITIVE,2026-07-11T21:21:27.346006
PKS_ISB_TRF_02,Islamabad,traffic,58.83,68.04,771.45,30.19,57.05,1.42,152.72,UNHEALTHY,2026-07-11T21:21:27.346006
PKS_PEW_IND_01,Peshawar,industrial,71.53,83.29,760.06,32.61,43.65,40.81,159.28,UNHEALTHY,2026-07-11T21:21:27.346006
PKS_PEW_RES_02,Peshawar,residential,27.55,27.87,464.73,31.25,43.97,4.66,83.5,MODERATE,2026-07-11T21:21:27.346006
PKS_MUL_TRF_01,Multan,traffic,49.87,50.24,569.88,34.32,74.44,31.61,136.38,UNHEALTHY FOR SENSITIVE,2026-07-11T21:21:27.346006
PKS_MUL_PRK_02,Multan,park,14.46,15.13,438.39,35.7,35.06,12.73,55.96,MODERATE,2026-07-11T21:21:27.346006
PKS_KHI_IND_01,Karachi,industrial,56.74,63.79,820.26,33.95,29.38,16.75,151.64,UNHEALTHY,2026-07-11T21:21:37.362699
PKS_KHI_TRF_02,Karachi,traffic,46.16,47.15,605.9,36.52,14.25,32.75,127.25,UNHEALTHY FOR SENSITIVE,2026-07-11T21:21:37.362699
PKS_LHR_RES_01,Lahore,residential,22.8,25.58,533.92,31.81,32.73,37.81,73.5,MODERATE,2026-07-11T21:21:37.362699
PKS_LHR_IND_02,Lahore,industrial,278.63,311.59,760.94,34.19,20.68,20.54,323.4,HAZARDOUS,2026-07-11T21:21:37.362699
PKS_ISB_PRK_01,Islamabad,park,10.04,11.68,406.76,28.6,10.37,12.07,41.82,GOOD,2026-07-11T21:21:37.362699
PKS_ISB_TRF_02,Islamabad,traffic,53.13,61.8,618.26,30.52,72.69,51.33,144.42,UNHEALTHY FOR SENSITIVE,2026-07-11T21:21:37.362699
PKS_PEW_IND_01,Peshawar,industrial,55.18,55.95,586.4,40.17,17.21,43.91,149.46,UNHEALTHY FOR SENSITIVE,2026-07-11T21:21:37.362699
PKS_PEW_RES_02,Peshawar,residential,34.63,40.4,508.7,28.16,32.73,46.38,98.38,MODERATE,2026-07-11T21:21:37.362699
PKS_MUL_TRF_01,Multan,traffic,168.55,179.68,526.18,37.91,80.4,29.82,218.89,VERY UNHEALTHY,2026-07-11T21:21:37.362699
PKS_MUL_PRK_02,Multan,park,10.51,12.26,383.33,29.23,23.48,52.17,43.78,GOOD,2026-07-11T21:21:37.362699
PKS_KHI_IND_01,Karachi,industrial,68.3,70.24,787.44,28.63,21.46,39.13,157.61,UNHEALTHY,2026-07-11T21:21:47.370371
PKS_KHI_TRF_02,Karachi,traffic,53.18,55.23,508.59,27.32,85.99,25.31,144.53,UNHEALTHY FOR SENSITIVE,2026-07-11T21:21:47.370371
PKS_LHR_RES_01,Lahore,residential,28.63,28.75,421.1,25.87,24.37,21.07,85.76,MODERATE,2026-07-11T21:21:47.370371
PKS_LHR_IND_02,Lahore,industrial,53.37,54.47,732.02,31.09,79.03,49.09,145.01,UNHEALTHY FOR SENSITIVE,2026-07-11T21:21:47.370371
PKS_ISB_PRK_01,Islamabad,park,9.44,10.66,396.39,21.73,35.94,2.35,39.32,GOOD,2026-07-11T21:21:47.370371
PKS_ISB_TRF_02,Islamabad,traffic,208.07,215.85,573.73,35.08,38.01,9.15,258.05,VERY UNHEALTHY,2026-07-11T21:21:47.370371
PKS_PEW_IND_01,Peshawar,industrial,61.04,66.81,591.01,38.11,82.03,52.0,153.86,UNHEALTHY,2026-07-11T21:21:47.370371
PKS_PEW_RES_02,Peshawar,residential,26.13,26.47,529.59,30.63,74.31,13.44,80.5,MODERATE,2026-07-11T21:21:47.370371
PKS_MUL_TRF_01,Multan,traffic,39.16,40.24,575.41,33.4,28.41,3.58,110.01,UNHEALTHY FOR SENSITIVE,2026-07-11T21:21:47.370371
PKS_MUL_PRK_02,Multan,park,9.4,10.28,435.13,29.84,33.68,25.95,39.16,GOOD,2026-07-11T21:21:47.370371
PKS_KHI_IND_01,Karachi,industrial,58.06,59.59,902.54,33.27,79.88,33.21,152.32,UNHEALTHY,2026-07-11T21:50:41.736867
PKS_KHI_TRF_02,Karachi,traffic,41.47,43.54,627.69,43.23,33.24,28.82,115.69,UNHEALTHY FOR SENSITIVE,2026-07-11T21:50:41.736867
PKS_LHR_RES_01,Lahore,residential,26.67,31.26,504.62,30.62,34.21,0.8,81.65,MODERATE,2026-07-11T21:50:41.736867
PKS_LHR_IND_02,Lahore,industrial,204.48,228.92,726.81,31.96,17.84,43.25,254.5,VERY UNHEALTHY,2026-07-11T21:50:41.736867
PKS_ISB_PRK_01,Islamabad,park,8.09,9.26,456.26,31.17,71.51,53.04,33.71,GOOD,2026-07-11T21:50:41.736867
PKS_ISB_TRF_02,Islamabad,traffic,162.0,189.38,461.56,26.94,61.52,56.92,212.4,VERY UNHEALTHY,2026-07-11T21:50:41.736867
PKS_PEW_IND_01,Peshawar,industrial,68.15,81.78,969.48,39.78,41.94,37.91,157.53,UNHEALTHY,2026-07-11T21:50:41.736867
PKS_PEW_RES_02,Peshawar,residential,60.03,67.23,396.71,37.39,10.68,27.9,153.34,UNHEALTHY,2026-07-11T21:50:41.736867
PKS_MUL_TRF_01,Multan,traffic,54.93,61.45,540.31,37.86,39.78,28.79,148.83,UNHEALTHY FOR SENSITIVE,2026-07-11T21:50:41.736867
PKS_MUL_PRK_02,Multan,park,13.88,16.26,422.94,29.33,61.8,44.86,54.75,MODERATE,2026-07-11T21:50:41.736867
PKS_KHI_IND_01,Karachi,industrial,169.67,196.42,535.24,40.23,77.6,51.5,220.0,VERY UNHEALTHY,2026-07-11T21:50:51.759881
PKS_KHI_TRF_02,Karachi,traffic,38.61,44.88,469.56,37.1,82.43,57.16,108.66,UNHEALTHY FOR SENSITIVE,2026-07-11T21:50:51.759881
PKS_LHR_RES_01,Lahore,residential,75.12,84.47,496.67,28.46,13.19,26.68,161.13,UNHEALTHY,2026-07-11T21:50:51.759881
PKS_LHR_IND_02,Lahore,industrial,276.82,298.5,619.32,36.34,37.5,59.75,321.96,HAZARDOUS,2026-07-11T21:50:51.759881
PKS_ISB_PRK_01,Islamabad,park,8.08,9.68,414.2,28.48,35.03,59.79,33.67,GOOD,2026-07-11T21:50:51.759881
PKS_ISB_TRF_02,Islamabad,traffic,191.29,229.22,472.5,39.45,35.78,17.44,241.43,VERY UNHEALTHY,2026-07-11T21:50:51.759881
PKS_PEW_IND_01,Peshawar,industrial,68.74,82.18,766.21,30.94,89.6,0.46,157.83,UNHEALTHY,2026-07-11T21:50:51.759881
PKS_PEW_RES_02,Peshawar,residential,21.46,22.92,377.61,33.28,74.94,17.75,70.67,MODERATE,2026-07-11T21:50:51.759881
PKS_MUL_TRF_01,Multan,traffic,53.66,56.15,594.61,28.38,63.35,5.27,145.71,UNHEALTHY FOR SENSITIVE,2026-07-11T21:50:51.760879
PKS_MUL_PRK_02,Multan,park,33.84,38.76,389.26,25.3,51.99,22.23,96.72,MODERATE,2026-07-11T21:50:51.760879
PKS_KHI_IND_01,Karachi,industrial,158.99,186.7,974.9,34.04,41.89,40.99,209.41,VERY UNHEALTHY,2026-07-11T21:51:01.779803
PKS_KHI_TRF_02,Karachi,traffic,46.47,53.78,582.89,35.46,68.75,24.78,128.0,UNHEALTHY FOR SENSITIVE,2026-07-11T21:51:01.779803
PKS_LHR_RES_01,Lahore,residential,15.41,17.99,475.09,30.12,59.47,25.52,57.97,MODERATE,2026-07-11T21:51:01.779803
PKS_LHR_IND_02,Lahore,industrial,70.96,79.39,703.66,35.55,41.45,39.41,158.98,UNHEALTHY,2026-07-11T21:51:01.779803
PKS_ISB_PRK_01,Islamabad,park,14.15,14.21,362.21,26.41,52.73,39.68,55.32,MODERATE,2026-07-11T21:51:01.779803
PKS_ISB_TRF_02,Islamabad,traffic,41.29,44.6,635.88,28.59,85.57,52.69,115.26,UNHEALTHY FOR SENSITIVE,2026-07-11T21:51:01.779803
PKS_PEW_IND_01,Peshawar,industrial,70.96,75.57,936.29,41.77,10.36,8.46,158.98,UNHEALTHY,2026-07-11T21:51:01.779803
PKS_PEW_RES_02,Peshawar,residential,62.71,68.45,431.1,31.45,12.28,31.31,154.73,UNHEALTHY,2026-07-11T21:51:01.779803
PKS_MUL_TRF_01,Multan,traffic,129.9,154.24,745.46,32.26,35.29,4.54,189.42,UNHEALTHY,2026-07-11T21:51:01.779803
PKS_MUL_PRK_02,Multan,park,6.96,7.55,387.89,36.38,50.16,58.17,29.02,GOOD,2026-07-11T21:51:01.779803
PKS_KHI_IND_01,Karachi,industrial,53.61,61.46,762.32,40.76,49.26,7.64,145.59,UNHEALTHY FOR SENSITIVE,2026-07-11T21:51:11.799867
PKS_KHI_TRF_02,Karachi,traffic,138.27,148.62,662.05,30.51,67.89,35.84,193.74,UNHEALTHY,2026-07-11T21:51:11.799867
PKS_LHR_RES_01,Lahore,residential,26.9,27.66,422.16,27.07,43.24,33.16,82.12,MODERATE,2026-07-11T21:51:11.799867
PKS_LHR_IND_02,Lahore,industrial,62.4,69.31,927.31,35.76,38.67,29.98,154.56,UNHEALTHY,2026-07-11T21:51:11.799867
PKS_ISB_PRK_01,Islamabad,park,11.15,12.25,412.71,32.36,32.74,6.07,46.45,GOOD,2026-07-11T21:51:11.799867
PKS_ISB_TRF_02,Islamabad,traffic,42.45,47.95,655.72,30.05,29.94,41.48,118.12,UNHEALTHY FOR SENSITIVE,2026-07-11T21:51:11.799867
PKS_PEW_IND_01,Peshawar,industrial,62.82,63.33,921.77,33.77,68.09,50.58,154.78,UNHEALTHY,2026-07-11T21:51:11.799867
PKS_PEW_RES_02,Peshawar,residential,79.21,83.14,415.92,35.44,33.42,26.05,163.24,UNHEALTHY,2026-07-11T21:51:11.799867
PKS_MUL_TRF_01,Multan,traffic,38.51,40.55,602.41,30.35,33.98,31.62,108.41,UNHEALTHY FOR SENSITIVE,2026-07-11T21:51:11.799867
PKS_MUL_PRK_02,Multan,park,27.61,28.07,449.38,28.07,61.85,23.92,83.61,MODERATE,2026-07-11T21:51:11.799867
PKS_KHI_IND_01,Karachi,industrial,84.7,100.32,694.6,32.6,62.78,30.73,166.08,UNHEALTHY,2026-07-11T21:51:21.817115
PKS_KHI_TRF_02,Karachi,traffic,137.21,163.07,557.02,36.13,81.2,53.94,193.19,UNHEALTHY,2026-07-11T21:51:21.817115
PKS_LHR_RES_01,Lahore,residential,20.32,23.17,474.09,25.09,59.33,3.04,68.3,MODERATE,2026-07-11T21:51:21.817115
PKS_LHR_IND_02,Lahore,industrial,62.69,64.35,772.58,30.5,17.85,58.77,154.71,UNHEALTHY,2026-07-11T21:51:21.817115
PKS_ISB_PRK_01,Islamabad,park,10.02,10.63,382.65,26.43,78.07,35.63,41.76,GOOD,2026-07-11T21:51:21.817115
PKS_ISB_TRF_02,Islamabad,traffic,41.6,44.52,537.74,33.92,10.2,37.88,116.02,UNHEALTHY FOR SENSITIVE,2026-07-11T21:51:21.817115
PKS_PEW_IND_01,Peshawar,industrial,71.89,73.05,758.08,44.6,24.37,59.12,159.46,UNHEALTHY,2026-07-11T21:51:21.817115
PKS_PEW_RES_02,Peshawar,residential,34.92,38.13,537.42,31.69,51.19,17.77,99.0,MODERATE,2026-07-11T21:51:21.817115
PKS_MUL_TRF_01,Multan,traffic,60.75,61.6,603.86,24.66,77.77,32.56,153.71,UNHEALTHY,2026-07-11T21:51:21.817115
PKS_MUL_PRK_02,Multan,park,10.15,10.45,357.74,33.06,34.25,25.18,42.31,GOOD,2026-07-11T21:51:21.817115
